0	เซ่น	VV	NCMN	B_CLS	B_SENT	N	-	-
1	_	PU	NCMN	I_CLS	I_SENT	N	-	-
2	8	NU	DCNM	I_CLS	I_SENT	N	-	-
3	_	PU	PUNC	I_CLS	I_SENT	N	-	-
4	ศพ	CL	CMTR	I_CLS	I_SENT	N	-	-
5	ถ้ำน้ำลอด	NN	ADVN	I_CLS	I_SENT	N	-	-
6	น้ำ	NN	NCMN	I_CLS	I_SENT	N	-	-
7	ป่า	NN	NCMN	I_CLS	I_SENT	N	-	-
8	ทะลัก	VV	NCMN	I_CLS	I_SENT	N	-	-
9	เขาสก	NN	NCMN	I_CLS	I_SENT	N	-	-
10	สั่ง	VV	VACT	I_CLS	I_SENT	N	-	-
11	ปิด	VV	VACT	I_CLS	I_SENT	N	-	-
12	_	PU	NCMN	I_CLS	I_SENT	N	-	-
13	6	NU	NCNM	I_CLS	I_SENT	N	-	-
14	_	PU	PUNC	I_CLS	I_SENT	N	-	-
15	อุทยาน	CL	CMTR	E_CLS	I_SENT	N	-	-

16	15	NU	NCNM	B_CLS	B_SENT	N	-	-
17	_	PU	NCMN	I_CLS	I_SENT	N	-	-
18	ตุลาคม	NN	NCMN	I_CLS	I_SENT	N	-	-
19	_	PU	NCMN	I_CLS	I_SENT	N	-	-
20	2550	NU	NCNM	I_CLS	I_SENT	N	-	-
21	_	PU	PUNC	I_CLS	I_SENT	N	-	-
22	09:01	NU	NCNM	I_CLS	I_SENT	N	-	-
23	_	PU	PUNC	I_CLS	I_SENT	N	-	-
24	น.	CL	CMTR	E_CLS	I_SENT	N	-	-

25	น้ำ	NN	NCMN	B_CLS	B_SENT	N	-	arg1[43]
26	ป่า	NN	NCMN	I_CLS	I_SENT	N	-	arg1[43]
27	ทะลัก	VV	NCMN	I_CLS	I_SENT	N	-	arg1[43]
28	อุทยาน	NN	VACT	I_CLS	I_SENT	N	-	arg1[43]
29	แห่ง	PS	RPRE	I_CLS	I_SENT	N	-	arg1[43]
30	ชาติ	NN	NCMN	I_CLS	I_SENT	N	-	arg1[43]
31	เขา	NN	PPRS	I_CLS	I_SENT	N	-	arg1[43]
32	สก	NN	VACT	I_CLS	I_SENT	N	-	arg1[43]
33	ต่างชาติ	AJ	NCMN	I_CLS	I_SENT	N	-	arg1[43]
34	_	PU	NCMN	I_CLS	I_SENT	N	-	arg1[43]
35	6	NU	NCNM	I_CLS	I_SENT	N	-	arg1[43]
36	_	PU	PUNC	I_CLS	I_SENT	N	-	arg1[43]
37	ศพ	CL	NCMN	I_CLS	I_SENT	N	-	arg1[43]
38	_	PU	NCMN	I_CLS	I_SENT	N	-	arg1[43]
39	ไกด์	NN	NCMN	I_CLS	I_SENT	N	-	arg1[43]
40	_	PU	NCMN	I_CLS	I_SENT	N	-	arg1[43]
41	2	NU	NCNM	I_CLS	I_SENT	N	-	arg1[43]
42	_	PU	NCMN	I_CLS	I_SENT	N	-	-
43	ขณะ	CC	JSBR	I_CLS	I_SENT	Temporal.Synchronous	-	-
44	เข้า	VV	VACT	I_CLS	I_SENT	N	-	arg2[43]
45	ถ้ำน้ำทะลุ	NN	NCMN	E_CLS	I_SENT	N	-	arg2[43]

46	เหลือ	VV	VSTA	B_CLS	B_SENT	N	-	-
47	เพียง	AJ	DDBQ	I_CLS	I_SENT	N	-	-
48	สาว	NN	NCMN	I_CLS	I_SENT	N	-	-
49	อังกฤษ	NN	NPRP	I_CLS	I_SENT	N	-	-
50	_	PU	NCMN	I_CLS	I_SENT	N	-	-
51	1	NU	DCNM	I_CLS	I_SENT	N	-	-
52	_	PU	NCMN	I_CLS	I_SENT	N	-	-
53	คน	CL	CNIT	E_CLS	I_SENT	N	-	-

54	มท.	NN	NCMN	B_CLS	B_SENT	N	-	-
55	ประกาศ	VV	NCMN	I_CLS	I_SENT	N	-	-
56	ปิด	VV	VACT	I_CLS	I_SENT	N	-	-
57	อุทยาน	NN	NCMN	I_CLS	I_SENT	N	-	-
58	_	PU	NCMN	I_CLS	I_SENT	N	-	-
59	6	NU	DCNM	I_CLS	I_SENT	N	-	-
60	_	PU	PUNC	I_CLS	I_SENT	N	-	-
61	แห่ง	CL	CNIT	I_CLS	I_SENT	N	-	-
62	_	PU	NCMN	I_CLS	I_SENT	N	-	-
63	เมืองสุราษฎร์	NN	NCMN	E_CLS	I_SENT	N	-	-

64	ขณะ	CC	NCMN	B_CLS	B_SENT	N	-	arg1[75]
65	ที่	CC	PREL	I_CLS	I_SENT	N	-	arg1[75]
66	กรุงเทพฯ	NN	NPRP	I_CLS	I_SENT	N	-	arg1[75]
67	_	PU	NCMN	I_CLS	I_SENT	N	-	arg1[75]
68	สถานการณ์	NN	NCMN	I_CLS	I_SENT	N	-	arg1[75]
69	น้ำ	NN	NCMN	I_CLS	I_SENT	N	-	arg1[75]
70	ขึ้น	VV	XVAE	I_CLS	I_SENT	N	-	arg1[75]
71	อยู่	AX	XVAE	I_CLS	I_SENT	N	-	arg1[75]
72	กับ	PS	RPRE	I_CLS	I_SENT	N	-	arg1[75]
73	น้ำ	NN	NCMN	I_CLS	I_SENT	N	-	arg1[75]
74	ฝน	NN	VACT	E_CLS	I_SENT	N	-	arg1[75]

75	ส่วน	NN	NCMN	B_CLS	B_SENT	Comparison.Contrast	-	-
76	ภูมิภาค	NN	NCMN	I_CLS	I_SENT	N	-	arg2[75]
77	อีสาน	NN	NCMN	I_CLS	I_SENT	N	-	arg2[75]
78	-	PU	PUNC	I_CLS	I_SENT	N	-	arg2[75]
79	เหนือ	NN	NCMN	I_CLS	I_SENT	N	-	arg2[75]
80	-	PU	PUNC	I_CLS	I_SENT	N	-	arg2[75]
81	กลาง	NN	VATT	I_CLS	I_SENT	N	-	arg2[75]
82	ยัง	AX	XVBM	I_CLS	I_SENT	N	-	arg2[75]
83	วิกฤติ	VV	VATT	I_CLS	I_SENT	N	-	arg2[75]
84	_	PU	NCMN	I_CLS	I_SENT	N	-	arg2[75]
85	น้ำ	NN	NCMN	I_CLS	I_SENT	N	-	arg2[75]
86	ขัง	VV	NCMN	I_CLS	I_SENT	N	-	arg2[75]
87	ขยาย	VV	VACT	I_CLS	I_SENT	N	-	arg2[75]
88	วง	NN	NCMN	I_CLS	I_SENT	N	-	arg2[75]
89	กว้าง	VV	VATT	I_CLS	I_SENT	N	-	arg2[75]
90	_	PU	NCMN	I_CLS	I_SENT	N	-	arg2[75]
91	ยอด	NN	NCMN	I_CLS	I_SENT	N	-	arg2[75]
92	ผู้	FX	PREL	I_CLS	I_SENT	N	-	arg2[75]
93	เสียชีวิต	VV	VACT	I_CLS	I_SENT	N	-	arg2[75]
94	เพิ่ม	VV	VSTA	E_CLS	I_SENT	N	-	arg2[75]

95	สถานการณ์	NN	NCMN	B_CLS	B_SENT	N	-	-
96	น้ำ	NN	NCMN	I_CLS	I_SENT	N	-	-
97	ท่วม	VV	DONM	E_CLS	I_SENT	N	-	-
98	_	PU	NCMN	O	I_SENT	N	-	-
99	เนื่องจาก	CC	JSBR	B_CLS	I_SENT	N	-	-
100	ฝน	NN	NCMN	I_CLS	I_SENT	N	-	-
101	ตก	VV	VACT	I_CLS	I_SENT	N	-	-
102	หนัก	VV	NCMN	I_CLS	I_SENT	N	-	-
103	น้ำ	NN	NCMN	I_CLS	I_SENT	N	-	-
104	ป่า	NN	NCMN	I_CLS	I_SENT	N	-	-
105	ไหลหลาก	VV	NCMN	I_CLS	I_SENT	N	-	-
106	ยัง	AX	XVBM	I_CLS	I_SENT	N	-	-
107	กระจาย	VV	VACT	E_CLS	I_SENT	N	-	arg1[108]
108	และ	CC	JCRG	B_CLS	I_SENT	Expansion.Conjunction	-	-
109	ขยาย	VV	VACT	I_CLS	I_SENT	N	-	arg2[108]
110	วง	NN	NCMN	I_CLS	I_SENT	N	-	arg2[108]
111	กว้าง	VV	VATT	I_CLS	I_SENT	N	-	arg2[108]
112	ไป	AV	XVAE	I_CLS	I_SENT	N	-	arg2[108]
113	ทุก	AJ	DIBQ	I_CLS	I_SENT	N	-	arg2[108]
114	ภาค	NN	NCMN	I_CLS	I_SENT	N	-	arg2[108]
115	ของ	PS	RPRE	I_CLS	I_SENT	N	-	arg2[108]
116	ประเทศ	NN	NCMN	E_CLS	I_SENT	N	-	arg2[108]
117	_	PU	NCMN	O	I_SENT	N	-	-
118	ล่าสุด	CC	VATT	B_CLS	I_SENT	N	-	-
119	เกิด	VV	VSTA	I_CLS	I_SENT	N	-	-
120	เหตุการณ์	NN	NCMN	I_CLS	I_SENT	N	-	arg1[144]
121	น้ำ	NN	NCMN	I_CLS	I_SENT	N	-	arg1[144]|arg1[129]
122	ป่า	NN	VACT	I_CLS	I_SENT	N	-	arg1[144]|arg1[129]
123	ไหลหลาก	VV	NCMN	I_CLS	I_SENT	N	-	arg1[144]|arg1[129]
124	พัด	VV	VATT	I_CLS	I_SENT	N	-	arg1[144]|arg1[129]
125	นัก	FX	ADVN	I_CLS	I_SENT	N	-	arg1[144]|arg1[129]
126	ท่องเที่ยว	VV	VACT	I_CLS	I_SENT	N	-	arg1[144]|arg1[129]
127	สูญหาย	VV	NCMN	E_CLS	I_SENT	N	-	arg1[144]|arg1[129]
128	_	PU	NCMN	O	I_SENT	N	-	arg1[144]
129	ขณะ	CC	JSBR	B_CLS	I_SENT	Temporal.Synchronous	-	arg1[144]
130	เดิน	VV	VACT	I_CLS	I_SENT	N	-	arg1[144]|arg2[129]
131	ป่า	NN	NCMN	I_CLS	I_SENT	N	-	arg1[144]|arg2[129]
132	ใน	PS	RPRE	I_CLS	I_SENT	N	-	arg1[144]|arg2[129]
133	ถ้ำน้ำลอดโตนเตย	NN	NCMN	I_CLS	I_SENT	N	-	arg1[144]|arg2[129]
134	_	PU	NCMN	I_CLS	I_SENT	N	-	arg1[144]|arg2[129]
135	เขื่อน	NN	RPRE	I_CLS	I_SENT	N	-	arg1[144]|arg2[129]
136	รัชชประภา	NN	NCMN	I_CLS	I_SENT	N	-	arg1[144]|arg2[129]
137	_	PU	NCMN	I_CLS	I_SENT	N	-	arg1[144]|arg2[129]
138	อ.	NN	NCMN	I_CLS	I_SENT	N	-	arg1[144]|arg2[129]
139	บ้านตาขุน	NN	NPRP	I_CLS	I_SENT	N	-	arg1[144]|arg2[129]
140	_	PU	NCMN	I_CLS	I_SENT	N	-	arg1[144]|arg2[129]
141	จ.	NN	NCMN	I_CLS	I_SENT	N	-	arg1[144]|arg2[129]
142	สุราษฎร์ธานี	NN	NCMN	I_CLS	I_SENT	N	-	arg1[144]|arg2[129]
143	_	PU	NCMN	I_CLS	I_SENT	N	-	-
144	ซึ่ง	CC	PREL	I_CLS	I_SENT	Expansion.GenExpansion	-	-
145	มี	VV	VSTA	I_CLS	I_SENT	N	-	arg2[144]
146	นัก	FX	NCMN	I_CLS	I_SENT	N	-	arg2[144]
147	ท่องเที่ยว	VV	VACT	I_CLS	I_SENT	N	-	arg2[144]
148	ชาว	FX	FIXN	I_CLS	I_SENT	N	-	arg2[144]
149	ต่างชาติ	AJ	VACT	E_CLS	I_SENT	N	-	arg2[144]
150	และ	CC	JCRG	B_CLS	I_SENT	N	-	arg2[144]
151	ไกด์	NN	NCMN	I_CLS	I_SENT	N	-	arg2[144]
152	ชาว	FX	NCMN	I_CLS	I_SENT	N	-	arg2[144]
153	ไทย	NN	NPRP	I_CLS	I_SENT	N	-	arg2[144]
154	รวม	VV	VACT	I_CLS	I_SENT	N	-	arg2[144]
155	_	PU	NCMN	I_CLS	I_SENT	N	-	arg2[144]
156	9	NU	DCNM	I_CLS	I_SENT	N	-	arg2[144]
157	_	PU	NCMN	I_CLS	I_SENT	N	-	arg2[144]
158	คน	CL	CNIT	I_CLS	I_SENT	N	-	arg2[144]
159	_	PU	NCMN	I_CLS	I_SENT	N	-	-
160	เมื่อ	PS	JSBR	I_CLS	I_SENT	N	-	-
161	วันที่	NN	NCMN	I_CLS	I_SENT	N	-	-
162	_	PU	NCMN	I_CLS	I_SENT	N	-	-
163	13	NU	DCNM	I_CLS	I_SENT	N	-	-
164	_	PU	NCMN	I_CLS	I_SENT	N	-	-
165	ตุลาคม	NN	NCMN	E_CLS	I_SENT	N	-	-
166	_	PU	NCMN	O	I_SENT	N	-	-
167	ที่	CC	PREL	B_CLS	I_SENT	N	-	-
168	ผ่าน	VV	VSTA	I_CLS	I_SENT	N	-	-
169	มา	AV	XVAE	I_CLS	I_SENT	N	-	-
170	นั้น	AJ	DDAC	I_CLS	I_SENT	N	-	-
171	_	PU	VACT	I_CLS	I_SENT	N	-	-
172	ความ	FX	FIXN	I_CLS	I_SENT	N	-	-
173	คืบ	VV	VSTA	I_CLS	I_SENT	N	-	-
174	หน้า	NU	NCMN	I_CLS	I_SENT	N	-	-
175	ล่าสุด	AV	VATT	I_CLS	I_SENT	N	-	-
176	พบ	VV	VACT	I_CLS	I_SENT	N	-	arg1[183]
177	ศพ	NN	NCMN	I_CLS	I_SENT	N	-	arg1[183]
178	แล้ว	AX	XVAE	I_CLS	I_SENT	N	-	arg1[183]
179	_	PU	VACT	I_CLS	I_SENT	N	-	arg1[183]
180	8	NU	DCNM	I_CLS	I_SENT	N	-	arg1[183]
181	_	PU	NCMN	I_CLS	I_SENT	N	-	arg1[183]
182	ศพ	CL	CMTR	E_CLS	I_SENT	N	-	arg1[183]

183	หลังจาก	CC	JSBR	B_CLS	B_SENT	Temporal.Asynchronous.Succession	-	-
184	จังหวัด	NN	NCMN	I_CLS	I_SENT	N	-	arg2[183]|arg1[200]
185	ระดม	VV	NCMN	I_CLS	I_SENT	N	-	arg2[183]|arg1[200]|arg1[189]
186	กำลัง	AX	XVBM	I_CLS	I_SENT	N	-	arg2[183]|arg1[200]|arg1[189]
187	ออก	AV	VACT	I_CLS	I_SENT	N	-	arg2[183]|arg1[200]|arg1[189]
188	ค้นหา	VV	VACT	E_CLS	I_SENT	N	-	arg2[183]|arg1[200]|arg1[189]
189	และ	CC	JCRG	B_CLS	I_SENT	Expansion.Conjunction	-	arg2[183]|arg1[200]
190	ช่วย	VV	VACT	I_CLS	I_SENT	N	-	arg2[183]|arg1[200]|arg2[189]
191	ชีวิต	NN	NCMN	I_CLS	I_SENT	N	-	arg2[183]|arg1[200]|arg2[189]
192	_	PU	NCMN	I_CLS	I_SENT	N	-	arg2[183]|arg1[200]|arg2[189]
193	ท่ามกลาง	PS	NCMN	I_CLS	I_SENT	N	-	arg2[183]|arg1[200]|arg2[189]
194	สภาพ	NN	NCMN	I_CLS	I_SENT	N	-	arg2[183]|arg1[200]|arg2[189]
195	อากาศ	NN	NCMN	E_CLS	I_SENT	N	-	arg2[183]|arg1[200]|arg2[189]
196	ที่	CC	PREL	B_CLS	I_SENT	N	-	arg2[183]|arg1[200]|arg2[189]
197	ไม่	NG	NEG	I_CLS	I_SENT	N	-	arg2[183]|arg1[200]|arg2[189]
198	เอื้ออำนวย	VV	VACT	E_CLS	I_SENT	N	-	arg2[183]|arg1[200]|arg2[189]
199	_	PU	NCMN	O	I_SENT	N	-	arg2[183]
200	โดย	CC	RPRE	B_CLS	I_SENT	Expansion.GenExpansion	-	arg2[183]
201	นาย	NN	NTTL	I_CLS	I_SENT	N	-	arg2[183]|arg2[200]
202	ไชยธัช	NN	NPRP	I_CLS	I_SENT	N	-	arg2[183]|arg2[200]
203	บุญภูพันธุ์ตันติ	NN	NPRP	I_CLS	I_SENT	N	-	arg2[183]|arg2[200]
204	_	PU	NCMN	I_CLS	I_SENT	N	-	arg2[183]|arg2[200]
205	หัวหน้า	NN	NCMN	I_CLS	I_SENT	N	-	arg2[183]|arg2[200]
206	อุทยาน	NN	NCMN	I_CLS	I_SENT	N	-	arg2[183]|arg2[200]
207	แห่ง	PS	RPRE	I_CLS	I_SENT	N	-	arg2[183]|arg2[200]
208	ชาติ	NN	NCMN	I_CLS	I_SENT	N	-	arg2[183]|arg2[200]
209	เขา	NN	PPRS	I_CLS	I_SENT	N	-	arg2[183]|arg2[200]
210	สก	NN	VACT	I_CLS	I_SENT	N	-	arg2[183]|arg2[200]
211	ปฏิบัติ	VV	VACT	I_CLS	I_SENT	N	-	arg2[183]|arg2[200]|arg1[214]
212	การ	FX	FIXN	I_CLS	I_SENT	N	-	arg2[183]|arg2[200]|arg1[214]
213	ค้นหา	VV	VACT	E_CLS	I_SENT	N	-	arg2[183]|arg2[200]|arg1[214]
214	และ	CC	JCRG	B_CLS	I_SENT	Expansion.Conjunction	-	arg2[183]|arg2[200]
215	ร่วม	VV	VACT	I_CLS	I_SENT	N	-	arg2[183]|arg2[200]|arg2[214]
216	การ	FX	FIXN	I_CLS	I_SENT	N	-	arg2[183]|arg2[200]|arg2[214]
217	ค้นหา	VV	VACT	I_CLS	I_SENT	N	-	arg2[183]|arg2[200]|arg2[214]
218	ด้วย	PS	RPRE	I_CLS	I_SENT	N	-	arg2[183]|arg2[200]|arg2[214]
219	ตนเอง	PR	PDMN	E_CLS	I_SENT	N	-	arg2[183]|arg2[200]|arg2[214]

220	ผู้สื่อข่าว	NN	NCMN	B_CLS	B_SENT	N	-	-
221	รายงาน	VV	NCMN	I_CLS	I_SENT	N	-	-
222	ว่า	CC	JSBR	E_CLS	I_SENT	N	-	-
223	_	PU	NCMN	O	I_SENT	N	-	-
224	คณะ	NN	NCMN	B_CLS	I_SENT	N	-	arg1[279]
225	นัก	FX	NCMN	I_CLS	I_SENT	N	-	arg1[279]
226	ท่องเที่ยว	VV	PREL	I_CLS	I_SENT	N	-	arg1[279]
227	ดังกล่าว	AJ	DDAC	I_CLS	I_SENT	N	-	arg1[279]
228	มี	VV	VSTA	I_CLS	I_SENT	N	-	arg1[279]
229	ชาว	FX	NCMN	I_CLS	I_SENT	N	-	arg1[279]
230	ต่างชาติ	AJ	NCMN	I_CLS	I_SENT	N	-	arg1[279]
231	_	PU	NCMN	I_CLS	I_SENT	N	-	arg1[279]
232	8	NU	DCNM	I_CLS	I_SENT	N	-	arg1[279]
233	_	PU	NCMN	I_CLS	I_SENT	N	-	arg1[279]
234	คน	CL	CNIT	I_CLS	I_SENT	N	-	arg1[279]
235	_	PU	NCMN	I_CLS	I_SENT	N	-	arg1[279]
236	เป็น	VV	VSTA	I_CLS	I_SENT	N	-	arg1[279]
237	ชาย	NN	NCMN	I_CLS	I_SENT	N	-	arg1[279]
238	_	PU	NCMN	I_CLS	I_SENT	N	-	arg1[279]
239	3	NU	DCNM	I_CLS	I_SENT	N	-	arg1[279]
240	_	PU	NCMN	I_CLS	I_SENT	N	-	arg1[279]
241	คน	CL	CNIT	I_CLS	I_SENT	N	-	arg1[279]
242	_	PU	NCMN	I_CLS	I_SENT	N	-	arg1[279]
243	หญิง	NN	NCMN	I_CLS	I_SENT	N	-	arg1[279]
244	_	PU	NCMN	I_CLS	I_SENT	N	-	arg1[279]
245	2	NU	DCNM	I_CLS	I_SENT	N	-	arg1[279]
246	_	PU	NCMN	I_CLS	I_SENT	N	-	arg1[279]
247	คน	CL	CNIT	I_CLS	I_SENT	N	-	arg1[279]
248	_	PU	NCMN	I_CLS	I_SENT	N	-	arg1[279]
249	เด็ก	NN	NCMN	I_CLS	I_SENT	N	-	arg1[279]
250	ชาย	NN	NCMN	I_CLS	I_SENT	N	-	arg1[279]
251	_	PU	NCMN	I_CLS	I_SENT	N	-	arg1[279]
252	1	NU	DCNM	I_CLS	I_SENT	N	-	arg1[279]
253	_	PU	NCMN	I_CLS	I_SENT	N	-	arg1[279]
254	คน	CL	CNIT	I_CLS	I_SENT	N	-	arg1[279]
255	_	PU	NCMN	I_CLS	I_SENT	N	-	arg1[279]
256	เด็ก	NN	NCMN	I_CLS	I_SENT	N	-	arg1[279]
257	หญิง	NN	NCMN	I_CLS	I_SENT	N	-	arg1[279]
258	_	PU	NCMN	I_CLS	I_SENT	N	-	arg1[279]
259	2	NU	DCNM	I_CLS	I_SENT	N	-	arg1[279]
260	_	PU	NCMN	I_CLS	I_SENT	N	-	arg1[279]
261	คน	CL	CNIT	I_CLS	I_SENT	N	-	arg1[279]
262	_	PU	NCMN	I_CLS	I_SENT	N	-	arg1[279]
263	พร้อม	CC	JCRG	I_CLS	I_SENT	N	-	arg1[279]
264	ไกด์	NN	NCMN	I_CLS	I_SENT	N	-	arg1[279]
265	ชาว	FX	NCMN	I_CLS	I_SENT	N	-	arg1[279]
266	ไทย	NN	NPRP	I_CLS	I_SENT	N	-	arg1[279]
267	_	PU	NCMN	I_CLS	I_SENT	N	-	arg1[279]
268	2	NU	DCNM	I_CLS	I_SENT	N	-	arg1[279]
269	_	PU	NCMN	I_CLS	I_SENT	N	-	arg1[279]
270	คน	CL	CNIT	I_CLS	I_SENT	N	-	arg1[279]
271	_	PU	NCMN	I_CLS	I_SENT	N	-	arg1[279]
272	รวม	VV	VACT	I_CLS	I_SENT	N	-	arg1[279]
273	ทั้งหมด	AJ	DDAN	I_CLS	I_SENT	N	-	arg1[279]
274	_	PU	NCMN	I_CLS	I_SENT	N	-	arg1[279]
275	10	NU	DCNM	I_CLS	I_SENT	N	-	arg1[279]
276	_	PU	NCMN	I_CLS	I_SENT	N	-	arg1[279]
277	คน	CL	CNIT	E_CLS	I_SENT	N	-	arg1[279]
278	_	PU	NCMN	O	I_SENT	N	-	-
279	โดย	CC	RPRE	B_CLS	I_SENT	Expansion.GenExpansion	-	-
280	ไกด์	NN	NCMN	I_CLS	I_SENT	N	-	arg2[279]
281	ชาว	FX	NCMN	I_CLS	I_SENT	N	-	arg2[279]
282	ไทย	NN	NPRP	I_CLS	I_SENT	N	-	arg2[279]
283	_	PU	NCMN	I_CLS	I_SENT	N	-	arg2[279]
284	2	NU	DCNM	I_CLS	I_SENT	N	-	arg2[279]
285	_	PU	NCMN	I_CLS	I_SENT	N	-	arg2[279]
286	คน	CL	CNIT	I_CLS	I_SENT	N	-	arg2[279]
287	นำ	VV	VACT	I_CLS	I_SENT	N	-	arg2[279]
288	นัก	FX	NCMN	I_CLS	I_SENT	N	-	arg2[279]
289	ท่องเที่ยว	VV	DIBQ	I_CLS	I_SENT	N	-	arg2[279]
290	ทั้งหมด	AJ	DDAN	I_CLS	I_SENT	N	-	arg2[279]
291	เดินทาง	VV	VACT	I_CLS	I_SENT	N	-	arg2[279]
292	ไป	AV	XVAE	I_CLS	I_SENT	N	-	arg2[279]
293	เที่ยว	VV	VACT	I_CLS	I_SENT	N	-	arg2[279]
294	อุทยาน	NN	ADVP	I_CLS	I_SENT	N	-	arg2[279]
295	แห่ง	PS	RPRE	I_CLS	I_SENT	N	-	arg2[279]
296	ชาติ	NN	NCMN	I_CLS	I_SENT	N	-	arg2[279]
297	เขาสก	NN	NCMN	I_CLS	I_SENT	N	-	arg2[279]
298	จาก	PS	RPRE	I_CLS	I_SENT	N	-	arg2[279]
299	บังกะโลแบมบูเฮาส์	NN	NCMN	I_CLS	I_SENT	N	-	arg2[279]
300	_	PU	NCMN	I_CLS	I_SENT	N	-	arg2[279]
301	4	NU	DCNM	I_CLS	I_SENT	N	-	arg2[279]
302	_	PU	NCMN	I_CLS	I_SENT	N	-	arg2[279]
303	คน	CL	CNIT	I_CLS	I_SENT	N	-	arg2[279]
304	_	PU	NCMN	I_CLS	I_SENT	N	-	arg2[279]
305	จาก	PS	RPRE	I_CLS	I_SENT	N	-	arg2[279]
306	บังกะโลบ้านเอียด	NN	NCMN	I_CLS	I_SENT	N	-	arg2[279]
307	_	PU	NCMN	I_CLS	I_SENT	N	-	arg2[279]
308	4	NU	DCNM	I_CLS	I_SENT	N	-	arg2[279]
309	_	PU	NCMN	I_CLS	I_SENT	N	-	arg2[279]
310	คน	CL	CNIT	I_CLS	I_SENT	N	-	arg2[279]
311	_	PU	NCMN	I_CLS	I_SENT	N	-	-
312	ซึ่ง	CC	PREL	I_CLS	I_SENT	N	-	-
313	เป็น	VV	VSTA	I_CLS	I_SENT	N	-	-
314	บังกะโล	NN	NCMN	E_CLS	I_SENT	N	-	-
315	ที่	CC	PREL	B_CLS	I_SENT	N	-	-
316	ตั้ง	VV	VACT	I_CLS	I_SENT	N	-	-
317	อยู่	VV	XVAE	I_CLS	I_SENT	N	-	-
318	ใน	PS	RPRE	I_CLS	I_SENT	N	-	-
319	เขต	NN	NCMN	I_CLS	I_SENT	N	-	-
320	อุทยาน	NN	NCMN	I_CLS	I_SENT	N	-	-
321	แห่ง	PS	RPRE	I_CLS	I_SENT	N	-	-
322	ชาติ	NN	NCMN	I_CLS	I_SENT	N	-	-
323	เขาสก	NN	NCMN	I_CLS	I_SENT	N	-	-
324	_	PU	NCMN	I_CLS	I_SENT	N	-	-
325	อ.	NN	NCMN	I_CLS	I_SENT	N	-	-
326	พนม	NN	VACT	E_CLS	I_SENT	N	-	-

327	รายชื่อ	NN	NCMN	B_CLS	B_SENT	N	-	-
328	มี	VV	VSTA	I_CLS	I_SENT	N	-	-
329	ดัง	PS	RPRE	I_CLS	I_SENT	N	-	-
330	นี้	AJ	DDAC	I_CLS	I_SENT	N	-	-
331	_	PU	PUNC	I_CLS	I_SENT	N	-	-
332	1.	NU	DCNM	I_CLS	I_SENT	N	-	-
333	นาย	NN	NTTL	I_CLS	I_SENT	N	-	-
334	ฟิชเชอร์	NN	NPRP	I_CLS	I_SENT	N	-	-
335	_	PU	NCMN	I_CLS	I_SENT	N	-	-
336	เบนโน	NN	NCMN	I_CLS	I_SENT	N	-	-
337	_	PU	NCMN	I_CLS	I_SENT	N	-	-
338	2.	NU	NCNM	I_CLS	I_SENT	N	-	-
339	ชมิดท์_โคส_มอร์	NN	NCMN	I_CLS	I_SENT	N	-	-
340	_	PU	CNIT	I_CLS	I_SENT	N	-	-
341	3.	NU	DCNM	I_CLS	I_SENT	N	-	-
342	ฟิชเชอร์	NN	NCMN	I_CLS	I_SENT	N	-	-
343	_	PU	CNIT	I_CLS	I_SENT	N	-	-
344	แอนเดรีย	NN	NCMN	I_CLS	I_SENT	N	-	-
345	_	PU	NCMN	I_CLS	I_SENT	N	-	-
346	4.	NU	NCNM	I_CLS	I_SENT	N	-	-
347	ฟิชเชอร์	NN	NCMN	I_CLS	I_SENT	N	-	-
348	_	PU	CNIT	I_CLS	I_SENT	N	-	-
349	ซาราห์	NN	NCMN	I_CLS	I_SENT	N	-	-
350	_	PU	NCMN	I_CLS	I_SENT	N	-	-
351	5	NU	NCNM	I_CLS	I_SENT	N	-	-
352	.	PU	PUNC	I_CLS	I_SENT	N	-	-
353	กัมป์	NN	CMTR	I_CLS	I_SENT	N	-	-
354	_	PU	NCMN	I_CLS	I_SENT	N	-	-
355	ไอเนส	NN	NCMN	I_CLS	I_SENT	N	-	-
356	_	PU	NCMN	I_CLS	I_SENT	N	-	-
357	6.	NU	NCNM	I_CLS	I_SENT	N	-	-
358	กัมป์	NN	CMTR	I_CLS	I_SENT	N	-	-
359	_	PU	CMTR	I_CLS	I_SENT	N	-	-
360	เอคลี่	NN	NCMN	I_CLS	I_SENT	N	-	-
361	_	PU	PUNC	I_CLS	I_SENT	N	-	-
362	7.	NU	DCNM	I_CLS	I_SENT	N	-	-
363	เฮเลน่า	NN	CMTR	I_CLS	I_SENT	N	-	-
364	_	PU	CMTR	I_CLS	I_SENT	N	-	-
365	คาร์ด	NN	NCMN	I_CLS	I_SENT	N	-	-
366	_	PU	PUNC	I_CLS	I_SENT	N	-	-
367	8.	NU	NCNM	I_CLS	I_SENT	N	-	-
368	จอห์น	NN	PUNC	I_CLS	I_SENT	N	-	-
369	_	PU	NCMN	I_CLS	I_SENT	N	-	-
370	กัลเลน	NN	NCMN	I_CLS	I_SENT	N	-	-
371	_	PU	NCMN	I_CLS	I_SENT	N	-	-
372	9.	NU	DCNM	I_CLS	I_SENT	N	-	-
373	นาย	NN	NTTL	I_CLS	I_SENT	N	-	-
374	กิตติศักดิ์	NN	NPRP	I_CLS	I_SENT	N	-	-
375	_	PU	NCMN	I_CLS	I_SENT	N	-	-
376	ประทุม	NN	NCMN	I_CLS	I_SENT	N	-	-
377	_	PU	NCMN	I_CLS	I_SENT	N	-	-
378	อายุ	NN	NCMN	I_CLS	I_SENT	N	-	-
379	_	PU	NCMN	I_CLS	I_SENT	N	-	-
380	31	NU	DCNM	I_CLS	I_SENT	N	-	-
381	_	PU	PUNC	I_CLS	I_SENT	N	-	-
382	ปี	CL	CMTR	I_CLS	I_SENT	N	-	-
383	_	PU	PUNC	I_CLS	I_SENT	N	-	-
384	และ	CC	JCRG	I_CLS	I_SENT	N	-	-
385	_	PU	NCMN	I_CLS	I_SENT	N	-	-
386	10.	NU	DCNM	I_CLS	I_SENT	N	-	-
387	นาย	NN	NTTL	I_CLS	I_SENT	N	-	-
388	สหัสชัย	NN	NPRP	I_CLS	I_SENT	N	-	-
389	_	PU	NCMN	I_CLS	I_SENT	N	-	-
390	บุญคงมาก	NN	VATT	I_CLS	I_SENT	N	-	-
391	_	PU	NCMN	I_CLS	I_SENT	N	-	-
392	อายุ	NN	NCMN	I_CLS	I_SENT	N	-	-
393	_	PU	NCMN	I_CLS	I_SENT	N	-	-
394	25	NU	NCNM	E_CLS	I_SENT	N	-	-

395	น้ำ	NN	NCMN	B_CLS	B_SENT	N	-	-
396	ป่า	NN	VACT	I_CLS	I_SENT	N	-	-
397	หลาก	VV	NCMN	I_CLS	I_SENT	N	-	-
398	ออก	AV	XVAE	I_CLS	I_SENT	N	-	-
399	จาก	PS	RPRE	I_CLS	I_SENT	N	-	-
400	ถ้ำ	NN	NCMN	I_CLS	I_SENT	N	-	-
401	ไม่	NG	NEG	I_CLS	I_SENT	N	-	-
402	ได้	AX	XVAE	E_CLS	I_SENT	N	-	-

403	เหตุ	NN	ADVN	B_CLS	B_SENT	N	-	-
404	เกิด	VV	VSTA	I_CLS	I_SENT	N	-	-
405	ขึ้น	AV	XVAE	I_CLS	I_SENT	N	-	-
406	_	PU	NCMN	I_CLS	I_SENT	N	-	-
407	เริ่ม	VV	VSTA	I_CLS	I_SENT	N	-	-
408	จาก	PS	RPRE	I_CLS	I_SENT	N	-	-
409	เวลา	NN	NCMN	I_CLS	I_SENT	N	-	-
410	ประมาณ	AJ	DIBQ	I_CLS	I_SENT	N	-	-
411	_	PU	NCMN	I_CLS	I_SENT	N	-	-
412	10.00	NU	NCNM	I_CLS	I_SENT	N	-	-
413	_	PU	PUNC	I_CLS	I_SENT	N	-	-
414	น.	CL	CMTR	I_CLS	I_SENT	N	-	-
415	_	PU	PUNC	I_CLS	I_SENT	N	-	-
416	วันที่	NN	NCMN	I_CLS	I_SENT	N	-	-
417	_	PU	NCMN	I_CLS	I_SENT	N	-	-
418	13	NU	DCNM	I_CLS	I_SENT	N	-	-
419	_	PU	NCMN	I_CLS	I_SENT	N	-	-
420	ตุลาคม	NN	NCMN	I_CLS	I_SENT	N	-	-
421	_	PU	NCMN	I_CLS	I_SENT	N	-	-
422	นัก	FX	ADVN	I_CLS	I_SENT	N	-	-
423	ท่องเที่ยว	VV	VATT	I_CLS	I_SENT	N	-	-
424	และ	CC	JCRG	I_CLS	I_SENT	N	-	-
425	ไกด์	NN	NCMN	I_CLS	I_SENT	N	-	-
426	ชาว	FX	NCMN	I_CLS	I_SENT	N	-	-
427	ไทย	NN	NPRP	I_CLS	I_SENT	N	-	-
428	_	PU	NCMN	I_CLS	I_SENT	N	-	-
429	9	NU	DCNM	I_CLS	I_SENT	N	-	-
430	_	PU	NCMN	I_CLS	I_SENT	N	-	-
431	คน	CL	CNIT	I_CLS	I_SENT	N	-	-
432	_	PU	VACT	I_CLS	I_SENT	N	-	-
433	ส่วน	CC	NCMN	I_CLS	I_SENT	N	-	-
434	อีก	AJ	DDBQ	I_CLS	I_SENT	N	-	-
435	คน	CL	NCMN	I_CLS	I_SENT	N	-	-
436	พัก	VV	NCMN	I_CLS	I_SENT	N	-	-
437	อยู่	VV	VSTA	I_CLS	I_SENT	N	-	-
438	ที่	PS	RPRE	I_CLS	I_SENT	N	-	-
439	แพ	NN	NCMN	I_CLS	I_SENT	N	-	-
440	ได้	AX	XVAE	I_CLS	I_SENT	N	-	arg1[453]|arg1[495]
441	เช่า	VV	VSTA	I_CLS	I_SENT	N	-	arg1[453]|arg1[495]
442	เรือ	NN	NCMN	I_CLS	I_SENT	N	-	arg1[453]|arg1[495]
443	หาง	NN	NCMN	I_CLS	I_SENT	N	-	arg1[453]|arg1[495]
444	ยาว	VV	VATT	I_CLS	I_SENT	N	-	arg1[453]|arg1[495]
445	จาก	PS	RPRE	I_CLS	I_SENT	N	-	arg1[453]|arg1[495]
446	ท่า	NN	NCMN	I_CLS	I_SENT	N	-	arg1[453]|arg1[495]
447	เทียบ	VV	VACT	I_CLS	I_SENT	N	-	arg1[453]|arg1[495]
448	เรือ	NN	NCMN	I_CLS	I_SENT	N	-	arg1[453]|arg1[495]
449	เทศบาล	NN	VACT	I_CLS	I_SENT	N	-	arg1[453]|arg1[495]
450	บ้าน	NN	NCMN	I_CLS	I_SENT	N	-	arg1[453]|arg1[495]
451	เชี่ยวหลาน	NN	NCMN	E_CLS	I_SENT	N	-	arg1[453]|arg1[495]
452	_	PU	NCMN	O	I_SENT	N	-	arg1[495]
453	เพื่อ	CC	JSBR	B_CLS	I_SENT	Contingency.Purpose.Arg2-As-Goal	-	arg1[495]
454	เข้า	AV	VACT	I_CLS	I_SENT	N	-	arg2[453]|arg1[495]
455	ไป	AV	XVAE	I_CLS	I_SENT	N	-	arg2[453]|arg1[495]
456	ชม	VV	NCMN	I_CLS	I_SENT	N	-	arg2[453]|arg1[495]
457	หิน	NN	NCMN	I_CLS	I_SENT	N	-	arg2[453]|arg1[495]
458	งอก	VV	NCMN	I_CLS	I_SENT	N	-	arg2[453]|arg1[495]
459	หิน	NN	NCMN	I_CLS	I_SENT	N	-	arg2[453]|arg1[495]
460	ย้อย	VV	VATT	I_CLS	I_SENT	N	-	arg2[453]|arg1[495]
461	ที่	PS	PREL	I_CLS	I_SENT	N	-	arg2[453]|arg1[495]
462	ถ้ำน้ำทะลุ	NN	VACT	I_CLS	I_SENT	N	-	arg2[453]|arg1[495]
463	_	PU	NCMN	I_CLS	I_SENT	N	-	arg2[453]|arg1[495]
464	หรือ	CC	JCRG	I_CLS	I_SENT	N	-	arg2[453]|arg1[495]
465	ถ้ำน้ำลอดโตนเตย	NN	NCMN	I_CLS	I_SENT	N	-	arg2[453]|arg1[495]
466	-	PU	PUNC	I_CLS	I_SENT	N	-	arg2[453]|arg1[495]
467	คลอง	NN	NCMN	I_CLS	I_SENT	N	-	arg2[453]|arg1[495]
468	แปะ	NN	NCMN	I_CLS	I_SENT	N	-	arg2[453]|arg1[495]
469	_	PU	NCMN	I_CLS	I_SENT	N	-	arg2[453]|arg1[495]
470	หมู่	NN	NCMN	I_CLS	I_SENT	N	-	arg2[453]|arg1[495]
471	_	PU	NCMN	I_CLS	I_SENT	N	-	arg2[453]|arg1[495]
472	3	NU	NCNM	I_CLS	I_SENT	N	-	arg2[453]|arg1[495]
473	_	PU	PUNC	I_CLS	I_SENT	N	-	arg2[453]|arg1[495]
474	ต.	NN	CNIT	I_CLS	I_SENT	N	-	arg2[453]|arg1[495]
475	เขาพัง	NN	NCMN	I_CLS	I_SENT	N	-	arg2[453]|arg1[495]
476	_	PU	NCMN	I_CLS	I_SENT	N	-	arg2[453]|arg1[495]
477	อ.	NN	NCMN	I_CLS	I_SENT	N	-	arg2[453]|arg1[495]
478	บ้านตาขุน	NN	NPRP	I_CLS	I_SENT	N	-	arg2[453]|arg1[495]
479	_	PU	NCMN	I_CLS	I_SENT	N	-	arg2[453]|arg1[495]
480	จ.	NN	NCMN	I_CLS	I_SENT	N	-	arg2[453]|arg1[495]
481	สุราษฎร์ธานี	NN	NCMN	I_CLS	I_SENT	N	-	arg2[453]|arg1[495]
482	_	PU	NCMN	I_CLS	I_SENT	N	-	arg1[495]
483	ใช้	VV	VACT	I_CLS	I_SENT	N	-	arg1[495]
484	เวลา	NN	NCMN	I_CLS	I_SENT	N	-	arg1[495]
485	เดินทาง	VV	VACT	I_CLS	I_SENT	N	-	arg1[495]
486	ทาง	NN	RPRE	I_CLS	I_SENT	N	-	arg1[495]
487	เรือ	NN	NCMN	I_CLS	I_SENT	N	-	arg1[495]
488	ประมาณ	AJ	DIBQ	I_CLS	I_SENT	N	-	arg1[495]
489	_	PU	NCMN	I_CLS	I_SENT	N	-	arg1[495]
490	1	NU	DCNM	I_CLS	I_SENT	N	-	arg1[495]
491	_	PU	PUNC	I_CLS	I_SENT	N	-	arg1[495]
492	ชั่วโมง	CL	CMTR	I_CLS	I_SENT	N	-	arg1[495]
493	_	PU	PUNC	I_CLS	I_SENT	N	-	arg1[495]
494	30	NU	NCNM	E_CLS	I_SENT	N	-	arg1[495]

495	จากนั้น	CC	JSBR	B_CLS	B_SENT	Temporal.Asynchronous.Precedence	-	-
496	ต้อง	AX	XVMM	I_CLS	I_SENT	N	-	arg2[495]|arg1[512]
497	เดินทาง	VV	VACT	I_CLS	I_SENT	N	-	arg2[495]|arg1[512]
498	อีก	AJ	ADVN	I_CLS	I_SENT	N	-	arg2[495]|arg1[512]
499	ประมาณ	AJ	DIBQ	I_CLS	I_SENT	N	-	arg2[495]|arg1[512]
500	_	PU	NCMN	I_CLS	I_SENT	N	-	arg2[495]|arg1[512]
501	3	NU	DCNM	I_CLS	I_SENT	N	-	arg2[495]|arg1[512]
502	_	PU	PUNC	I_CLS	I_SENT	N	-	arg2[495]|arg1[512]
503	กิโลเมตร	CL	CMTR	I_CLS	I_SENT	N	-	arg2[495]|arg1[512]
504	_	PU	NCMN	I_CLS	I_SENT	N	-	arg2[495]|arg1[512]
505	หรือ	CC	JCRG	I_CLS	I_SENT	N	-	arg2[495]|arg1[512]
506	ประมาณ	AJ	DIBQ	I_CLS	I_SENT	N	-	arg2[495]|arg1[512]
507	_	PU	NCMN	I_CLS	I_SENT	N	-	arg2[495]|arg1[512]
508	1	NU	DCNM	I_CLS	I_SENT	N	-	arg2[495]|arg1[512]
509	_	PU	PUNC	I_CLS	I_SENT	N	-	arg2[495]|arg1[512]
510	ชั่วโมง	CL	CMTR	I_CLS	I_SENT	N	-	arg2[495]|arg1[512]
511	_	PU	PUNC	I_CLS	I_SENT	N	-	arg2[495]
512	จึง	CC	XVBM	I_CLS	I_SENT	Temporal.Asynchronous.Precedence	-	arg2[495]
513	ถึง	PS	RPRE	I_CLS	I_SENT	N	-	arg2[495]|arg2[512]
514	ถ้ำน้ำลอด	NN	NCMN	I_CLS	I_SENT	N	-	arg2[495]|arg2[512]
515	_	PU	NCMN	I_CLS	I_SENT	N	-	-
516	ซึ่ง	CC	PREL	I_CLS	I_SENT	N	-	-
517	มี	VV	VSTA	I_CLS	I_SENT	N	-	-
518	ความ	FX	FIXN	I_CLS	I_SENT	N	-	-
519	ยาว	VV	VATT	I_CLS	I_SENT	N	-	-
520	ประมาณ	AJ	DIBQ	I_CLS	I_SENT	N	-	-
521	_	PU	NCMN	I_CLS	I_SENT	N	-	-
522	700	NU	DCNM	I_CLS	I_SENT	N	-	-
523	_	PU	PUNC	I_CLS	I_SENT	N	-	-
524	เมตร	CL	CMTR	I_CLS	I_SENT	N	-	-
525	_	PU	PUNC	I_CLS	I_SENT	N	-	-
526	กว้าง	VV	VATT	I_CLS	I_SENT	N	-	-
527	_	PU	PUNC	I_CLS	I_SENT	N	-	-
528	5	NU	DCNM	I_CLS	I_SENT	N	-	-
529	-	PU	PUNC	I_CLS	I_SENT	N	-	-
530	10	NU	DCNM	I_CLS	I_SENT	N	-	-
531	_	PU	CMTR	I_CLS	I_SENT	N	-	-
532	เมตร	CL	CMTR	I_CLS	I_SENT	N	-	-
533	_	PU	NCMN	I_CLS	I_SENT	N	-	-
534	น้ำ	NN	NCMN	I_CLS	I_SENT	N	-	-
535	สูง	VV	VATT	I_CLS	I_SENT	N	-	-
536	จาก	PS	RPRE	I_CLS	I_SENT	N	-	-
537	พื้น	NN	NCMN	I_CLS	I_SENT	N	-	-
538	ถ้ำ	NN	NCMN	I_CLS	I_SENT	N	-	-
539	ประมาณ	AJ	DIBQ	I_CLS	I_SENT	N	-	-
540	_	PU	NCMN	I_CLS	I_SENT	N	-	-
541	50	NU	DCNM	I_CLS	I_SENT	N	-	-
542	_	PU	PUNC	I_CLS	I_SENT	N	-	-
543	เซนติเมตร	CL	CMTR	I_CLS	I_SENT	N	-	-
544	_	PU	PUNC	I_CLS	I_SENT	N	-	-
545	ภายใน	PS	RPRE	I_CLS	I_SENT	N	-	arg1[560]
546	ถ้ำ	NN	NCMN	I_CLS	I_SENT	N	-	arg1[560]
547	มี	VV	VSTA	I_CLS	I_SENT	N	-	arg1[560]
548	หิน	NN	NCMN	I_CLS	I_SENT	N	-	arg1[560]
549	งอก	VV	NCMN	I_CLS	I_SENT	N	-	arg1[560]
550	หิน	NN	NCMN	I_CLS	I_SENT	N	-	arg1[560]
551	ย้อย	VV	VATT	E_CLS	I_SENT	N	-	arg1[560]
552	ที่	CC	PREL	B_CLS	I_SENT	N	-	arg1[560]
553	สวยงาม	VV	VATT	I_CLS	I_SENT	N	-	arg1[560]
554	เป็น	VV	VSTA	E_CLS	I_SENT	N	-	arg1[560]
555	ที่	CC	PREL	B_CLS	I_SENT	N	-	arg1[560]
556	ดึงดูดใจ	VV	VATT	I_CLS	I_SENT	N	-	arg1[560]
557	นัก	FX	ADVN	I_CLS	I_SENT	N	-	arg1[560]
558	ท่องเที่ยว	VV	VACT	E_CLS	I_SENT	N	-	arg1[560]
559	_	PU	NCMN	O	I_SENT	N	-	-
560	แต่	CC	JCRG	B_CLS	I_SENT	Comparison.Contrast	-	-
561	เมื่อ	PS	JSBR	I_CLS	I_SENT	Temporal.Asynchronous.Succession	-	arg2[560]
562	ถึง	PS	RPRE	I_CLS	I_SENT	N	-	arg2[560]|arg2[561]
563	เวลา	NN	NCMN	I_CLS	I_SENT	N	-	arg2[560]|arg2[561]
564	_	PU	NCMN	I_CLS	I_SENT	N	-	arg2[560]|arg2[561]
565	14.00	NU	NCNM	I_CLS	I_SENT	N	-	arg2[560]|arg2[561]
566	_	PU	PUNC	I_CLS	I_SENT	N	-	arg2[560]|arg2[561]
567	น.	CL	CMTR	I_CLS	I_SENT	N	-	arg2[560]|arg2[561]
568	_	PU	PUNC	I_CLS	I_SENT	N	-	arg2[560]
569	เกิด	VV	VSTA	I_CLS	I_SENT	N	-	arg2[560]|arg1[561]
570	ฝน	NN	NCMN	I_CLS	I_SENT	N	-	arg2[560]|arg1[561]
571	ตก	VV	VACT	I_CLS	I_SENT	N	-	arg2[560]|arg1[561]
572	หนัก	VV	VATT	I_CLS	I_SENT	N	-	arg2[560]|arg1[561]
573	ที่	PS	PREL	I_CLS	I_SENT	N	-	arg2[560]|arg1[561]
574	บริเวณ	NN	NCMN	I_CLS	I_SENT	N	-	arg2[560]|arg1[561]
575	เหนือ	PS	RPRE	I_CLS	I_SENT	N	-	arg2[560]|arg1[561]
576	เขื่อน	NN	RPRE	I_CLS	I_SENT	N	-	arg2[560]|arg1[561]
577	รัชชประภา	NN	NCMN	I_CLS	I_SENT	N	-	arg2[560]|arg1[561]
578	นาน	VV	VATT	I_CLS	I_SENT	N	-	arg2[560]|arg1[561]
579	กว่า	AJ	JCMP	I_CLS	I_SENT	N	-	arg2[560]|arg1[561]
580	_	PU	NCMN	I_CLS	I_SENT	N	-	arg2[560]|arg1[561]
581	3	NU	DCNM	I_CLS	I_SENT	N	-	arg2[560]|arg1[561]
582	_	PU	PUNC	I_CLS	I_SENT	N	-	arg2[560]|arg1[561]
583	ชั่วโมง	CL	CMTR	E_CLS	I_SENT	N	-	arg2[560]|arg1[561]
584	_	PU	PUNC	O	I_SENT	N	-	-
585	ทำให้	CC	VACT	B_CLS	I_SENT	N	-	-
586	น้ำ	NN	NCMN	I_CLS	I_SENT	N	-	-
587	ป่า	NN	VACT	I_CLS	I_SENT	N	-	-
588	ไหลหลาก	VV	NCMN	I_CLS	I_SENT	N	-	-
589	เข้า	AV	VACT	I_CLS	I_SENT	N	-	-
590	ท่วม	VV	VACT	I_CLS	I_SENT	N	-	-
591	ถ้ำ	NN	NCMN	I_CLS	I_SENT	N	-	-
592	_	PU	NCMN	I_CLS	I_SENT	N	-	-
593	สูง	VV	VATT	I_CLS	I_SENT	N	-	-
594	ราว	AJ	DIBQ	I_CLS	I_SENT	N	-	-
595	_	PU	NCMN	I_CLS	I_SENT	N	-	-
596	50	NU	DCNM	I_CLS	I_SENT	N	-	-
597	_	PU	PUNC	I_CLS	I_SENT	N	-	-
598	เซนติเมตร	CL	CMTR	I_CLS	I_SENT	N	-	-
599	_	PU	PUNC	I_CLS	I_SENT	N	-	-
600	10	NU	DCNM	I_CLS	I_SENT	N	-	-
601	_	PU	PUNC	I_CLS	I_SENT	N	-	-
602	เมตร	CL	CMTR	I_CLS	I_SENT	N	-	-
603	_	PU	PUNC	I_CLS	I_SENT	N	-	-
604	นัก	FX	NCMN	I_CLS	I_SENT	N	-	-
605	ท่องเที่ยว	VV	VACT	I_CLS	I_SENT	N	-	-
606	ชุด	NN	NCMN	I_CLS	I_SENT	N	-	-
607	ดังกล่าว	AJ	DDAC	I_CLS	I_SENT	N	-	-
608	ไม่	NG	NEG	I_CLS	I_SENT	N	-	-
609	สามารถ	AX	XVAM	I_CLS	I_SENT	N	-	-
610	กลับ	VV	VACT	I_CLS	I_SENT	N	-	-
611	ออก	AV	XVAE	I_CLS	I_SENT	N	-	-
612	มา	VV	XVAE	I_CLS	I_SENT	N	-	-
613	จาก	PS	RPRE	I_CLS	I_SENT	N	-	-
614	ถ้ำ	NN	NCMN	E_CLS	I_SENT	N	-	-

615	6	NU	NCNM	B_CLS	B_SENT	N	-	-
616	_	PU	NCMN	I_CLS	I_SENT	N	-	-
617	โมง	CL	NCMN	I_CLS	I_SENT	N	-	-
618	เย็น	NN	VATT	I_CLS	I_SENT	N	-	-
619	พบ	VV	VSTA	I_CLS	I_SENT	N	-	-
620	นัก	FX	ADVN	I_CLS	I_SENT	N	-	-
621	ท่องเที่ยว	VV	DCNM	I_CLS	I_SENT	N	-	-
622	ศพ	NN	NCMN	I_CLS	I_SENT	N	-	-
623	แรก	NU	DONM	E_CLS	I_SENT	N	-	-

624	กระทั่ง	PS	NCMN	B_CLS	B_SENT	N	-	-
625	เวลา	NN	NCMN	I_CLS	I_SENT	N	-	-
626	ประมาณ	AJ	DIBQ	I_CLS	I_SENT	N	-	-
627	_	PU	NCMN	I_CLS	I_SENT	N	-	-
628	18.00	NU	NCNM	I_CLS	I_SENT	N	-	-
629	_	PU	PUNC	I_CLS	I_SENT	N	-	-
630	น.	CL	CMTR	I_CLS	I_SENT	N	-	-
631	_	PU	PUNC	I_CLS	I_SENT	N	-	-
632	วัน	NN	NCMN	I_CLS	I_SENT	N	-	-
633	เดียว	NU	DIAC	I_CLS	I_SENT	N	-	-
634	กัน	PR	ADVN	I_CLS	I_SENT	N	-	-
635	_	PU	NCMN	I_CLS	I_SENT	N	-	-
636	มี	VV	VSTA	I_CLS	I_SENT	N	-	arg1[648]|arg1[675]
637	ชาวบ้าน	NN	NCMN	I_CLS	I_SENT	N	-	arg1[648]|arg1[675]
638	พบ	VV	VSTA	I_CLS	I_SENT	N	-	arg1[648]|arg1[675]
639	ศพ	NN	NPRP	I_CLS	I_SENT	N	-	arg1[648]|arg1[675]
640	นัก	FX	ADVN	I_CLS	I_SENT	N	-	arg1[648]|arg1[675]
641	ท่องเที่ยว	VV	DDBQ	I_CLS	I_SENT	N	-	arg1[648]|arg1[675]
642	ต่างชาติ	AJ	NCMN	I_CLS	I_SENT	N	-	arg1[648]|arg1[675]
643	_	PU	PUNC	I_CLS	I_SENT	N	-	arg1[648]|arg1[675]
644	1	NU	NCNM	I_CLS	I_SENT	N	-	arg1[648]|arg1[675]
645	_	PU	PUNC	I_CLS	I_SENT	N	-	arg1[648]|arg1[675]
646	ศพ	NN	NCMN	E_CLS	I_SENT	N	-	arg1[648]|arg1[675]
647	_	PU	NCMN	O	I_SENT	N	-	-
648	จึง	CC	XVBM	B_CLS	I_SENT	Contingency.Cause.Result	-	-
649	แจ้ง	VV	VACT	E_CLS	I_SENT	N	-	arg2[648]
650	ให้	CC	JSBR	B_CLS	I_SENT	N	-	arg2[648]
651	เจ้าหน้าที่	NN	NCMN	I_CLS	I_SENT	N	-	arg2[648]
652	อุทยาน	NN	VACT	I_CLS	I_SENT	N	-	arg2[648]
653	แห่ง	PS	RPRE	I_CLS	I_SENT	N	-	arg2[648]
654	ชาติ	NN	NCMN	I_CLS	I_SENT	N	-	arg2[648]
655	เขา	NN	PPRS	I_CLS	I_SENT	N	-	arg2[648]
656	สก	NN	VACT	I_CLS	I_SENT	N	-	arg2[648]
657	จะ	AX	XVBM	I_CLS	I_SENT	N	-	-
658	เป็น	VV	VSTA	I_CLS	I_SENT	N	-	-
659	นัก	FX	NCMN	I_CLS	I_SENT	N	-	-
660	ท่องเที่ยว	VV	VATT	I_CLS	I_SENT	N	-	-
661	จาก	PS	RPRE	I_CLS	I_SENT	N	-	-
662	บังกะโลแบมบูเฮาส์	NN	NCMN	I_CLS	I_SENT	N	-	-
663	และ	CC	JCRG	I_CLS	I_SENT	N	-	-
664	บังกะโลบ้านเอียด	NN	NCMN	I_CLS	I_SENT	N	-	-
665	_	PU	NCMN	I_CLS	I_SENT	N	-	-
666	ที่	CC	PREL	I_CLS	I_SENT	N	-	-
667	เดินทาง	VV	VACT	I_CLS	I_SENT	N	-	-
668	เข้า	AV	XVAE	I_CLS	I_SENT	N	-	-
669	ไป	AV	XVAE	I_CLS	I_SENT	N	-	-
670	เที่ยว	VV	VACT	I_CLS	I_SENT	N	-	-
671	เมื่อ	PS	JSBR	I_CLS	I_SENT	N	-	-
672	ช่วง	NN	NCMN	I_CLS	I_SENT	N	-	-
673	บ่าย	NN	NCMN	E_CLS	I_SENT	N	-	-
674	_	PU	NCMN	O	I_SENT	N	-	-
675	จึง	CC	XVBM	B_CLS	I_SENT	Contingency.Cause.Result	-	-
676	ประสาน	VV	VACT	I_CLS	I_SENT	N	-	arg2[675]
677	เจ้าหน้าที่	NN	NCMN	E_CLS	I_SENT	N	-	arg2[675]
678	ที่	CC	PREL	B_CLS	I_SENT	N	-	arg2[675]
679	เกี่ยวข้อง	VV	VSTA	I_CLS	I_SENT	N	-	arg2[675]
680	_	PU	NCMN	I_CLS	I_SENT	N	-	-
681	ได้แก่	CC	VSTA	I_CLS	I_SENT	N	-	-
682	_	PU	NCMN	I_CLS	I_SENT	N	-	-
683	เจ้าหน้าที่	NN	NCMN	I_CLS	I_SENT	N	-	-
684	_	PU	NCMN	I_CLS	I_SENT	N	-	-
685	ตชด.	NN	VACT	I_CLS	I_SENT	N	-	-
686	416	NU	DCNM	I_CLS	I_SENT	N	-	-
687	_	PU	NCMN	I_CLS	I_SENT	N	-	-
688	เจ้าหน้าที่	NN	NCMN	I_CLS	I_SENT	N	-	-
689	อุทยาน	NN	NCMN	I_CLS	I_SENT	N	-	-
690	แห่ง	PS	RPRE	I_CLS	I_SENT	N	-	-
691	ชาติ	NN	NCMN	I_CLS	I_SENT	N	-	-
692	เขา	NN	PPRS	I_CLS	I_SENT	N	-	-
693	สก	NN	VACT	I_CLS	I_SENT	N	-	-
694	และ	CC	JCRG	I_CLS	I_SENT	N	-	-
695	เจ้าหน้าที่	NN	NCMN	I_CLS	I_SENT	N	-	-
696	จาก	PS	RPRE	I_CLS	I_SENT	N	-	-
697	เข้า	VV	VACT	I_CLS	I_SENT	N	-	-
698	พื้นที่	NN	NCMN	I_CLS	I_SENT	N	-	-
699	ค้นหา	VV	VACT	E_CLS	I_SENT	N	-	-

700	ทีม	NN	NCMN	B_CLS	B_SENT	N	-	-
701	งาน	NN	NCMN	I_CLS	I_SENT	N	-	-
702	ชุด	CL	NCMN	I_CLS	I_SENT	N	-	-
703	ค้นหา	VV	VACT	I_CLS	I_SENT	N	-	-
704	ได้	AX	XVAE	I_CLS	I_SENT	N	-	arg1[709]
705	ปฏิบัติ	VV	VACT	I_CLS	I_SENT	N	-	arg1[709]
706	หน้าที่	NN	NCMN	I_CLS	I_SENT	N	-	arg1[709]
707	ต่อไป	AV	DDAC	I_CLS	I_SENT	N	-	arg1[709]
708	_	PU	NCMN	I_CLS	I_SENT	N	-	-
709	จนกระทั่ง	PS	JSBR	I_CLS	I_SENT	Temporal.Asynchronous.Precedence	717	-
710	ถึง	PS	RPRE	I_CLS	I_SENT	N	-	arg2[709]|arg1[772]
711	เวลา	NN	NCMN	I_CLS	I_SENT	N	-	arg2[709]|arg1[772]
712	_	PU	NCMN	I_CLS	I_SENT	N	-	arg2[709]|arg1[772]
713	23.40	NU	NCNM	I_CLS	I_SENT	N	-	arg2[709]|arg1[772]
714	_	PU	PUNC	I_CLS	I_SENT	N	-	arg2[709]|arg1[772]
715	น.	CL	CMTR	E_CLS	I_SENT	N	-	arg2[709]|arg1[772]
716	_	PU	PUNC	O	I_SENT	N	-	arg2[709]|arg1[772]
717	ก็	CC	JSBR	B_CLS	I_SENT	Temporal.Asynchronous.Precedence	-	arg2[709]|arg1[772]
718	พบ	VV	VACT	I_CLS	I_SENT	N	-	arg2[709]|arg1[772]
719	ศพ	NN	NCMN	I_CLS	I_SENT	N	-	arg2[709]|arg1[772]
720	อีก	AJ	DDBQ	I_CLS	I_SENT	N	-	arg2[709]|arg1[772]
721	_	PU	NCMN	I_CLS	I_SENT	N	-	arg2[709]|arg1[772]
722	6	NU	DCNM	I_CLS	I_SENT	N	-	arg2[709]|arg1[772]
723	_	PU	PUNC	I_CLS	I_SENT	N	-	arg2[709]|arg1[772]
724	ศพ	CL	CNIT	I_CLS	I_SENT	N	-	arg2[709]|arg1[772]
725	_	PU	NCMN	I_CLS	I_SENT	N	-	arg2[709]|arg1[772]
726	ที่	PS	PREL	I_CLS	I_SENT	N	-	arg2[709]|arg1[772]
727	บริเวณ	NN	NCMN	I_CLS	I_SENT	N	-	arg2[709]|arg1[772]
728	ถ้ำน้ำลอด	NN	ADVN	I_CLS	I_SENT	N	-	arg2[709]|arg1[772]
729	_	PU	NCMN	I_CLS	I_SENT	N	-	arg2[709]|arg1[772]
730	รวม	VV	VACT	I_CLS	I_SENT	N	-	arg2[709]|arg1[772]
731	เป็น	VV	VSTA	I_CLS	I_SENT	N	-	arg2[709]|arg1[772]
732	_	PU	NCMN	I_CLS	I_SENT	N	-	arg2[709]|arg1[772]
733	7	NU	NCNM	I_CLS	I_SENT	N	-	arg2[709]|arg1[772]
734	_	PU	PUNC	I_CLS	I_SENT	N	-	arg2[709]|arg1[772]
735	ศพ	CL	CMTR	I_CLS	I_SENT	N	-	arg2[709]|arg1[772]
736	_	PU	PUNC	I_CLS	I_SENT	N	-	arg2[709]|arg1[772]
737	เป็น	VV	VSTA	I_CLS	I_SENT	N	-	arg2[709]|arg1[772]
738	ชาย	NN	NCMN	I_CLS	I_SENT	N	-	arg2[709]|arg1[772]
739	ไทย	NN	NPRP	I_CLS	I_SENT	N	-	arg2[709]|arg1[772]
740	_	PU	NCMN	I_CLS	I_SENT	N	-	arg2[709]|arg1[772]
741	2	NU	DCNM	I_CLS	I_SENT	N	-	arg2[709]|arg1[772]
742	_	PU	NCMN	I_CLS	I_SENT	N	-	arg2[709]|arg1[772]
743	คน	CL	CNIT	I_CLS	I_SENT	N	-	arg2[709]|arg1[772]
744	_	PU	NCMN	I_CLS	I_SENT	N	-	arg2[709]|arg1[772]
745	คือ	VV	VSTA	I_CLS	I_SENT	N	-	arg2[709]|arg1[772]
746	_	PU	NCMN	I_CLS	I_SENT	N	-	arg2[709]|arg1[772]
747	นาย	NN	NTTL	I_CLS	I_SENT	N	-	arg2[709]|arg1[772]
748	กิตติศักดิ์	NN	NPRP	I_CLS	I_SENT	N	-	arg2[709]|arg1[772]
749	_	PU	NCMN	I_CLS	I_SENT	N	-	arg2[709]|arg1[772]
750	ไกด์	NN	NCMN	I_CLS	I_SENT	N	-	arg2[709]|arg1[772]
751	ของ	PS	RPRE	I_CLS	I_SENT	N	-	arg2[709]|arg1[772]
752	บังกะโลแบมบูเฮาส์	NN	NCMN	I_CLS	I_SENT	N	-	arg2[709]|arg1[772]
753	_	PU	NCMN	I_CLS	I_SENT	N	-	arg2[709]|arg1[772]
754	และ	CC	JCRG	I_CLS	I_SENT	N	-	arg2[709]|arg1[772]
755	นาย	NN	NTTL	I_CLS	I_SENT	N	-	arg2[709]|arg1[772]
756	สหัสชัย	NN	NPRP	I_CLS	I_SENT	N	-	arg2[709]|arg1[772]
757	_	PU	NCMN	I_CLS	I_SENT	N	-	arg2[709]|arg1[772]
758	ซึ่ง	CC	PREL	I_CLS	I_SENT	N	-	arg2[709]|arg1[772]
759	เป็น	VV	VSTA	I_CLS	I_SENT	N	-	arg2[709]|arg1[772]
760	ญาติ	NN	NCMN	I_CLS	I_SENT	N	-	arg2[709]|arg1[772]
761	ของ	PS	RPRE	I_CLS	I_SENT	N	-	arg2[709]|arg1[772]
762	เจ้าของ	NN	NCMN	I_CLS	I_SENT	N	-	arg2[709]|arg1[772]
763	บังกะโลแบมบูเฮาส์	NN	NCMN	E_CLS	I_SENT	N	-	arg2[709]|arg1[772]
764	ที่	CC	PREL	B_CLS	I_SENT	N	-	arg2[709]|arg1[772]
765	ร่วม	VV	VACT	I_CLS	I_SENT	N	-	arg2[709]|arg1[772]
766	เดินทาง	VV	VACT	I_CLS	I_SENT	N	-	arg2[709]|arg1[772]
767	ไป	AV	XVAE	I_CLS	I_SENT	N	-	arg2[709]|arg1[772]
768	กับ	PS	RPRE	I_CLS	I_SENT	N	-	arg2[709]|arg1[772]
769	นัก	FX	NCMN	I_CLS	I_SENT	N	-	arg2[709]|arg1[772]
770	ท่องเที่ยว	VV	VACT	E_CLS	I_SENT	N	-	arg2[709]|arg1[772]
771	_	PU	NCMN	O	I_SENT	N	-	-
772	แต่	CC	JCRG	B_CLS	I_SENT	Comparison.Concession.Arg2-As-Denier	-	-
773	ยัง	AX	XVBM	I_CLS	I_SENT	N	-	arg2[772]
774	ไม่	NG	NEG	I_CLS	I_SENT	N	-	arg2[772]
775	พบ	VV	VSTA	I_CLS	I_SENT	N	-	arg2[772]
776	อีก	AJ	DDBQ	I_CLS	I_SENT	N	-	arg2[772]
777	_	PU	NCMN	I_CLS	I_SENT	N	-	arg2[772]
778	2	NU	DCNM	I_CLS	I_SENT	N	-	arg2[772]
779	_	PU	NCMN	I_CLS	I_SENT	N	-	arg2[772]
780	คน	CL	CNIT	I_CLS	I_SENT	N	-	arg2[772]
781	_	PU	NCMN	I_CLS	I_SENT	N	-	arg2[772]
782	คือ	VV	VSTA	I_CLS	I_SENT	N	-	arg2[772]
783	_	PU	NCMN	I_CLS	I_SENT	N	-	arg2[772]
784	นัก	FX	NCMN	I_CLS	I_SENT	N	-	arg2[772]
785	ท่องเที่ยว	VV	VACT	I_CLS	I_SENT	N	-	arg2[772]
786	ชาว	FX	NCMN	I_CLS	I_SENT	N	-	arg2[772]
787	ต่างชาติ	AJ	NCMN	E_CLS	I_SENT	N	-	arg2[772]
788	ที่	CC	PREL	B_CLS	I_SENT	N	-	arg2[772]
789	เป็น	VV	VSTA	I_CLS	I_SENT	N	-	arg2[772]
790	ผู้หญิง	NN	NCMN	I_CLS	I_SENT	N	-	arg2[772]
791	กับ	PS	RPRE	I_CLS	I_SENT	N	-	arg2[772]
792	เด็ก	NN	NCMN	E_CLS	I_SENT	N	-	arg2[772]
793	_	PU	VATT	O	I_SENT	N	-	-
794	ล่าสุด	CC	VATT	B_CLS	I_SENT	N	-	-
795	พบ	VV	VSTA	I_CLS	I_SENT	N	-	-
796	ผู้	FX	PPRS	I_CLS	I_SENT	N	-	-
797	รอด	VV	VACT	I_CLS	I_SENT	N	-	-
798	ชีวิต	NN	NCMN	I_CLS	I_SENT	N	-	-
799	เป็น	VV	VSTA	I_CLS	I_SENT	N	-	-
800	หญิง	NN	NCMN	I_CLS	I_SENT	N	-	-
801	_	PU	NCMN	I_CLS	I_SENT	N	-	-
802	1	NU	NCNM	I_CLS	I_SENT	N	-	-
803	_	PU	PUNC	I_CLS	I_SENT	N	-	-
804	ชื่อ	NN	NCMN	E_CLS	I_SENT	N	-	-

805	มี	VV	VSTA	B_CLS	B_SENT	N	-	-
806	รายงาน	VV	NCMN	I_CLS	I_SENT	N	-	-
807	เพิ่มเติม	VV	VSTA	I_CLS	I_SENT	N	-	-
808	ว่า	CC	JSBR	E_CLS	I_SENT	N	-	-
809	_	PU	NCMN	O	I_SENT	N	-	-
810	ผู้	FX	PREL	B_CLS	I_SENT	N	-	arg1[863]
811	เสียชีวิต	VV	VSTA	E_CLS	I_SENT	N	-	arg1[863]
812	ซึ่ง	CC	PREL	B_CLS	I_SENT	N	-	arg1[863]
813	เป็น	VV	VSTA	I_CLS	I_SENT	N	-	arg1[863]
814	ชาว	FX	NCMN	I_CLS	I_SENT	N	-	arg1[863]
815	ต่างชาติ	AJ	NCMN	I_CLS	I_SENT	N	-	arg1[863]
816	ทั้งหมด	AJ	DDAN	I_CLS	I_SENT	N	-	arg1[863]
817	_	PU	PUNC	I_CLS	I_SENT	N	-	arg1[863]
818	6	NU	DCNM	I_CLS	I_SENT	N	-	arg1[863]
819	_	PU	PUNC	I_CLS	I_SENT	N	-	arg1[863]
820	คน	CL	CNIT	I_CLS	I_SENT	N	-	arg1[863]
821	_	PU	NCMN	I_CLS	I_SENT	N	-	arg1[863]
822	คือ	CC	VSTA	I_CLS	I_SENT	N	-	arg1[863]
823	_	PU	NCMN	I_CLS	I_SENT	N	-	arg1[863]
824	1.	NU	NCNM	I_CLS	I_SENT	N	-	arg1[863]
825	นาย	NN	NTTL	I_CLS	I_SENT	N	-	arg1[863]
826	ฟิชเชอร์	NN	NPRP	I_CLS	I_SENT	N	-	arg1[863]
827	_	PU	NCMN	I_CLS	I_SENT	N	-	arg1[863]
828	เบนโน	NN	NCMN	I_CLS	I_SENT	N	-	arg1[863]
829	_	PU	NCMN	I_CLS	I_SENT	N	-	arg1[863]
830	2.	NU	NCNM	I_CLS	I_SENT	N	-	arg1[863]
831	ชมิดท์_โคสมอร์	NN	NCMN	I_CLS	I_SENT	N	-	arg1[863]
832	_	PU	CNIT	I_CLS	I_SENT	N	-	arg1[863]
833	3.	NU	DCNM	I_CLS	I_SENT	N	-	arg1[863]
834	ฟิชเชอร์	NN	NCMN	I_CLS	I_SENT	N	-	arg1[863]
835	_	PU	CNIT	I_CLS	I_SENT	N	-	arg1[863]
836	แอนเดรีย	NN	NCMN	I_CLS	I_SENT	N	-	arg1[863]
837	_	PU	NCMN	I_CLS	I_SENT	N	-	arg1[863]
838	4.	NU	NCNM	I_CLS	I_SENT	N	-	arg1[863]
839	ฟิชเชอร์	NN	NCMN	I_CLS	I_SENT	N	-	arg1[863]
840	_	PU	CNIT	I_CLS	I_SENT	N	-	arg1[863]
841	ซาราห์	NN	NCMN	I_CLS	I_SENT	N	-	arg1[863]
842	_	PU	NCMN	I_CLS	I_SENT	N	-	arg1[863]
843	5	NU	NCNM	I_CLS	I_SENT	N	-	arg1[863]
844	.	PU	PUNC	I_CLS	I_SENT	N	-	arg1[863]
845	นาย	NN	NTTL	I_CLS	I_SENT	N	-	arg1[863]
846	จอห์น	NN	NPRP	I_CLS	I_SENT	N	-	arg1[863]
847	_	PU	NCMN	I_CLS	I_SENT	N	-	arg1[863]
848	กัลเลน	NN	NCMN	I_CLS	I_SENT	N	-	arg1[863]
849	_	PU	NCMN	I_CLS	I_SENT	N	-	arg1[863]
850	และ	CC	JCRG	I_CLS	I_SENT	N	-	arg1[863]
851	_	PU	NCMN	I_CLS	I_SENT	N	-	arg1[863]
852	6.	NU	DCNM	I_CLS	I_SENT	N	-	arg1[863]
853	กัมป์	NN	NCMN	I_CLS	I_SENT	N	-	arg1[863]
854	_	PU	CMTR	I_CLS	I_SENT	N	-	arg1[863]
855	เอคลี่	NN	NCMN	I_CLS	I_SENT	N	-	arg1[863]
856	_	PU	NCMN	I_CLS	I_SENT	N	-	arg1[863]
857	อายุ	NN	NCMN	I_CLS	I_SENT	N	-	arg1[863]
858	_	PU	NCMN	I_CLS	I_SENT	N	-	arg1[863]
859	10	NU	DCNM	I_CLS	I_SENT	N	-	arg1[863]
860	_	PU	PUNC	I_CLS	I_SENT	N	-	arg1[863]
861	ขวบ	CL	CNIT	I_CLS	I_SENT	N	-	arg1[863]
862	_	PU	VACT	I_CLS	I_SENT	N	-	-
863	ส่วน	CC	NCMN	I_CLS	I_SENT	Comparison.Contrast	-	-
864	คน	NN	NCMN	I_CLS	I_SENT	N	-	arg2[863]
865	ที่	CC	PREL	I_CLS	I_SENT	N	-	arg2[863]
866	รอด	VV	NCMN	I_CLS	I_SENT	N	-	arg2[863]
867	ชีวิต	NN	NCMN	I_CLS	I_SENT	N	-	arg2[863]
868	มี	VV	VSTA	I_CLS	I_SENT	N	-	arg2[863]
869	_	PU	NCMN	I_CLS	I_SENT	N	-	arg2[863]
870	2	NU	DCNM	I_CLS	I_SENT	N	-	arg2[863]
871	_	PU	NCMN	I_CLS	I_SENT	N	-	arg2[863]
872	คน	CL	CNIT	I_CLS	I_SENT	N	-	arg2[863]
873	_	PU	NCMN	I_CLS	I_SENT	N	-	arg2[863]
874	คือ	VV	VSTA	I_CLS	I_SENT	N	-	arg2[863]
875	_	PU	NCMN	I_CLS	I_SENT	N	-	arg2[863]
876	1.	NU	NCNM	I_CLS	I_SENT	N	-	arg2[863]
877	นาง	NN	NTTL	I_CLS	I_SENT	N	-	arg2[863]
878	กัมป์	NN	NPRP	I_CLS	I_SENT	N	-	arg2[863]
879	_	PU	NCMN	I_CLS	I_SENT	N	-	arg2[863]
880	ไอเนส	NN	NCMN	I_CLS	I_SENT	N	-	arg2[863]
881	_	PU	NCMN	I_CLS	I_SENT	N	-	arg2[863]
882	อายุ	NN	NCMN	I_CLS	I_SENT	N	-	arg2[863]
883	_	PU	NCMN	I_CLS	I_SENT	N	-	arg2[863]
884	37	NU	DCNM	I_CLS	I_SENT	N	-	arg2[863]
885	_	PU	PUNC	I_CLS	I_SENT	N	-	arg2[863]
886	ปี	CL	CMTR	I_CLS	I_SENT	N	-	arg2[863]
887	_	PU	PUNC	I_CLS	I_SENT	N	-	arg2[863]
888	(	PU	PUNC	I_CLS	I_SENT	N	-	arg2[863]
889	แม่	NN	NCMN	I_CLS	I_SENT	N	-	arg2[863]
890	ของ	PS	RPRE	I_CLS	I_SENT	N	-	arg2[863]
891	กัมป์	NN	NCMN	I_CLS	I_SENT	N	-	arg2[863]
892	_	PU	NCMN	I_CLS	I_SENT	N	-	arg2[863]
893	เอคลี่	NN	NCMN	I_CLS	I_SENT	N	-	arg2[863]
894	)	PU	PUNC	I_CLS	I_SENT	N	-	arg2[863]
895	_	PU	NCMN	I_CLS	I_SENT	N	-	-
896	ซึ่ง	CC	PREL	I_CLS	I_SENT	N	-	-
897	รอ	VV	VSTA	I_CLS	I_SENT	N	-	-
898	อยู่	VV	XVAE	I_CLS	I_SENT	N	-	-
899	ที่	PS	RPRE	I_CLS	I_SENT	N	-	-
900	แพโตนเตย	NN	NCMN	I_CLS	I_SENT	N	-	-
901	_	PU	NCMN	I_CLS	I_SENT	N	-	-
902	ห่าง	VV	VATT	I_CLS	I_SENT	N	-	-
903	จาก	PS	RPRE	I_CLS	I_SENT	N	-	-
904	ถ้ำ	NN	NCMN	I_CLS	I_SENT	N	-	-
905	ประมาณ	AJ	DIBQ	I_CLS	I_SENT	N	-	-
906	_	PU	NCMN	I_CLS	I_SENT	N	-	-
907	3	NU	DCNM	I_CLS	I_SENT	N	-	-
908	_	PU	PUNC	I_CLS	I_SENT	N	-	-
909	กิโลเมตร	CL	CMTR	I_CLS	I_SENT	N	-	-
910	_	PU	PUNC	I_CLS	I_SENT	N	-	-
911	2.	NU	NCNM	I_CLS	I_SENT	N	-	-
912	แบ่ง	VV	VACT	I_CLS	I_SENT	N	-	-
913	_	PU	NCMN	I_CLS	I_SENT	N	-	-
914	3	NU	DCNM	I_CLS	I_SENT	N	-	-
915	_	PU	NCMN	I_CLS	I_SENT	N	-	-
916	ชุด	NN	CLTV	I_CLS	I_SENT	N	-	-
917	ค้นหา	VV	VACT	I_CLS	I_SENT	N	-	-
918	นำ	VV	VACT	I_CLS	I_SENT	N	-	-
919	ออก	AV	XVAE	I_CLS	I_SENT	N	-	-
920	มา	VV	XVAE	I_CLS	I_SENT	N	-	-
921	ได้	AX	XVAE	I_CLS	I_SENT	N	-	-
922	_	PU	NCMN	I_CLS	I_SENT	N	-	-
923	8	NU	DCNM	I_CLS	I_SENT	N	-	-
924	_	PU	NCMN	I_CLS	I_SENT	N	-	-
925	ศพ	CL	CMTR	E_CLS	I_SENT	N	-	-

926	จนกระทั่ง	PS	JSBR	B_CLS	B_SENT	N	-	-
927	เมื่อ	PS	JSBR	I_CLS	I_SENT	N	-	-
928	เวลา	NN	NCMN	I_CLS	I_SENT	N	-	-
929	ประมาณ	AJ	DIBQ	I_CLS	I_SENT	N	-	-
930	_	PU	NCMN	I_CLS	I_SENT	N	-	-
931	03.10	NU	NCNM	I_CLS	I_SENT	N	-	-
932	_	PU	PUNC	I_CLS	I_SENT	N	-	-
933	น.	CL	CMTR	I_CLS	I_SENT	N	-	-
934	_	PU	PUNC	I_CLS	I_SENT	N	-	-
935	วันที่	NN	NCMN	I_CLS	I_SENT	N	-	-
936	_	PU	NCMN	I_CLS	I_SENT	N	-	-
937	14	NU	DCNM	I_CLS	I_SENT	N	-	-
938	_	PU	NCMN	I_CLS	I_SENT	N	-	-
939	ตุลาคม	NN	NCMN	I_CLS	I_SENT	N	-	-
940	_	PU	NCMN	I_CLS	I_SENT	N	-	-
941	เจ้าหน้าที่	NN	NCMN	I_CLS	I_SENT	N	-	arg1[961]
942	ได้	AX	XVAM	I_CLS	I_SENT	N	-	arg1[961]
943	ลำเลียง	VV	VACT	I_CLS	I_SENT	N	-	arg1[961]
944	ศพ	NN	NCMN	I_CLS	I_SENT	N	-	arg1[961]
945	_	PU	NCMN	I_CLS	I_SENT	N	-	arg1[961]
946	7	NU	NCNM	I_CLS	I_SENT	N	-	arg1[961]
947	_	PU	PUNC	I_CLS	I_SENT	N	-	arg1[961]
948	ศพ	CL	CMTR	I_CLS	I_SENT	N	-	arg1[961]
949	_	PU	PUNC	I_CLS	I_SENT	N	-	arg1[961]
950	ขึ้น	VV	VSTA	I_CLS	I_SENT	N	-	arg1[961]
951	ฝั่ง	NN	NCMN	I_CLS	I_SENT	N	-	arg1[961]
952	ที่	PS	PREL	I_CLS	I_SENT	N	-	arg1[961]
953	ท่า	NN	VACT	I_CLS	I_SENT	N	-	arg1[961]
954	เทียบ	VV	VACT	I_CLS	I_SENT	N	-	arg1[961]
955	เรือ	NN	NCMN	I_CLS	I_SENT	N	-	arg1[961]
956	การ	FX	FIXN	I_CLS	I_SENT	N	-	arg1[961]
957	ไฟฟ้า	NN	NCMN	I_CLS	I_SENT	N	-	arg1[961]
958	เขื่อน	NN	ADVN	I_CLS	I_SENT	N	-	arg1[961]
959	รัชชประภา	NN	NCMN	E_CLS	I_SENT	N	-	arg1[961]
960	_	PU	NCMN	O	I_SENT	N	-	-
961	เพื่อ	CC	JSBR	B_CLS	I_SENT	Contingency.Purpose.Arg2-As-Goal	-	-
962	นำ	VV	VACT	I_CLS	I_SENT	N	-	arg2[961]
963	ไป	AV	XVAE	I_CLS	I_SENT	N	-	arg2[961]
964	ชันสูตร	VV	NCMN	I_CLS	I_SENT	N	-	arg2[961]
965	ที่	PS	PREL	I_CLS	I_SENT	N	-	arg2[961]
966	โรงพยาบาล	NN	NCMN	I_CLS	I_SENT	N	-	arg2[961]
967	บ้าน	NN	NCMN	I_CLS	I_SENT	N	-	arg2[961]
968	ตาขุน	NN	NCMN	I_CLS	I_SENT	N	-	arg2[961]
969	_	PU	NCMN	I_CLS	I_SENT	N	-	arg2[961]
970	ท่ามกลาง	PS	NCMN	I_CLS	I_SENT	N	-	arg2[961]
971	ญาติพี่น้อง	NN	NCMN	I_CLS	I_SENT	N	-	arg2[961]
972	ของ	PS	RPRE	I_CLS	I_SENT	N	-	arg2[961]
973	ไกด์	NN	NCMN	I_CLS	I_SENT	N	-	arg2[961]
974	คน	NN	NCMN	I_CLS	I_SENT	N	-	arg2[961]
975	ไทย	NN	NPRP	E_CLS	I_SENT	N	-	arg2[961]
976	ที่	CC	PREL	B_CLS	I_SENT	N	-	arg2[961]
977	มา	AV	XVAM	I_CLS	I_SENT	N	-	arg2[961]
978	รอ	VV	VSTA	I_CLS	I_SENT	N	-	arg2[961]
979	รับ	VV	VACT	I_CLS	I_SENT	N	-	arg2[961]
980	ศพ	NN	NCMN	I_CLS	I_SENT	N	-	arg2[961]
981	จำนวน	NN	NCMN	I_CLS	I_SENT	N	-	arg2[961]
982	มาก	VV	VATT	I_CLS	I_SENT	N	-	arg2[961]
983	_	PU	NCMN	I_CLS	I_SENT	N	-	arg2[961]
984	รวมทั้ง	CC	JCRG	I_CLS	I_SENT	N	-	arg2[961]
985	นาง	NN	NTTL	I_CLS	I_SENT	N	-	arg2[961]
986	กัมป์	NN	NPRP	I_CLS	I_SENT	N	-	arg2[961]
987	ไอเนส	NN	NCMN	I_CLS	I_SENT	N	-	arg2[961]
988	_	PU	NCMN	I_CLS	I_SENT	N	-	arg2[961]
989	ที่	CC	PREL	I_CLS	I_SENT	N	-	arg2[961]
990	รอด	VV	VACT	I_CLS	I_SENT	N	-	arg2[961]|arg1[992]
991	ชีวิต	NN	NCMN	E_CLS	I_SENT	N	-	arg2[961]|arg1[992]
992	แต่	CC	JCRG	B_CLS	I_SENT	Comparison.Concession.Arg2-As-Denier	-	arg2[961]
993	ต้อง	AX	XVMM	I_CLS	I_SENT	N	-	arg2[961]|arg2[992]
994	สูญเสีย	VV	VSTA	I_CLS	I_SENT	N	-	arg2[961]|arg2[992]
995	ลูก	NN	NCMN	E_CLS	I_SENT	N	-	arg2[961]|arg2[992]

996	นาย	NN	NTTL	B_CLS	B_SENT	N	-	-
997	ไชยธัช	NN	NCMN	I_CLS	I_SENT	N	-	-
998	บุญภูพันธุ์ตันติ	NN	NCMN	I_CLS	I_SENT	N	-	-
999	_	PU	NCMN	I_CLS	I_SENT	N	-	-
1000	หัวหน้า	NN	NCMN	I_CLS	I_SENT	N	-	-
1001	อุทยาน	NN	NCMN	I_CLS	I_SENT	N	-	-
1002	แห่ง	PS	RPRE	I_CLS	I_SENT	N	-	-
1003	ชาติ	NN	NCMN	I_CLS	I_SENT	N	-	-
1004	เขา	NN	PPRS	I_CLS	I_SENT	N	-	-
1005	สก	NN	VACT	I_CLS	I_SENT	N	-	-
1006	ชุด	CL	CLTV	I_CLS	I_SENT	N	-	-
1007	ปฏิบัติ	VV	VACT	I_CLS	I_SENT	N	-	-
1008	การ	FX	FIXN	I_CLS	I_SENT	N	-	-
1009	ค้นหา	VV	VACT	E_CLS	I_SENT	N	-	-
1010	และ	CC	JCRG	B_CLS	I_SENT	N	-	-
1011	ร่วม	VV	VACT	I_CLS	I_SENT	N	-	-
1012	การ	FX	FIXN	I_CLS	I_SENT	N	-	-
1013	ค้นหา	VV	VACT	I_CLS	I_SENT	N	-	-
1014	ด้วย	PS	RPRE	I_CLS	I_SENT	N	-	-
1015	ตนเอง	PR	PDMN	I_CLS	I_SENT	N	-	-
1016	_	PU	NCMN	I_CLS	I_SENT	N	-	-
1017	กล่าว	VV	VACT	I_CLS	I_SENT	N	-	-
1018	ว่า	CC	JSBR	E_CLS	I_SENT	N	-	-
1019	_	PU	NCMN	O	I_SENT	N	-	-
1020	ก่อน	CC	JSBR	B_CLS	I_SENT	Temporal.Asynchronous.Precedence	-	arg1[1028]
1021	เกิด	VV	VSTA	I_CLS	I_SENT	N	-	arg1[1028]|arg2[1020]
1022	เหตุ	NN	NCMN	I_CLS	I_SENT	N	-	arg1[1028]|arg2[1020]
1023	มี	VV	VSTA	I_CLS	I_SENT	N	-	arg1[1028]|arg1[1020]
1024	ฝน	NN	NCMN	I_CLS	I_SENT	N	-	arg1[1028]|arg1[1020]
1025	ตก	VV	VACT	I_CLS	I_SENT	N	-	arg1[1028]|arg1[1020]
1026	มาก	VV	ADVN	E_CLS	I_SENT	N	-	arg1[1028]|arg1[1020]
1027	_	PU	NCMN	O	I_SENT	N	-	-
1028	และ	CC	JCRG	B_CLS	I_SENT	Expansion.Conjunction	-	-
1029	ก่อนหน้า	PS	NCMN	I_CLS	I_SENT	N	-	arg2[1028]
1030	นี้	AJ	DDAC	I_CLS	I_SENT	N	-	arg2[1028]
1031	ได้	AX	XVAM	I_CLS	I_SENT	N	-	arg2[1028]|arg1[1046]|arg1[1056]
1032	แจ้ง	VV	VACT	I_CLS	I_SENT	N	-	arg2[1028]|arg1[1046]|arg1[1056]
1033	เตือน	VV	NCMN	I_CLS	I_SENT	N	-	arg2[1028]|arg1[1046]|arg1[1056]
1034	ผู้	FX	PREL	I_CLS	I_SENT	N	-	arg2[1028]|arg1[1046]|arg1[1056]
1035	ประกอบ	VV	VSTA	I_CLS	I_SENT	N	-	arg2[1028]|arg1[1046]|arg1[1056]
1036	การ	FX	FIXN	E_CLS	I_SENT	N	-	arg2[1028]|arg1[1046]|arg1[1056]
1037	และ	CC	JCRG	B_CLS	I_SENT	N	-	arg2[1028]|arg1[1046]|arg1[1056]
1038	นัก	FX	NCMN	I_CLS	I_SENT	N	-	arg2[1028]|arg1[1046]|arg1[1056]
1039	ท่องเที่ยว	VV	DONM	I_CLS	I_SENT	N	-	arg2[1028]|arg1[1046]|arg1[1056]
1040	ห้าม	VV	VSTA	I_CLS	I_SENT	N	-	arg2[1028]|arg1[1046]|arg1[1056]
1041	ไป	AV	XVAE	I_CLS	I_SENT	N	-	arg2[1028]|arg1[1046]|arg1[1056]
1042	ท่องเที่ยว	VV	VACT	I_CLS	I_SENT	N	-	arg2[1028]|arg1[1046]|arg1[1056]
1043	ใน	PS	RPRE	I_CLS	I_SENT	N	-	arg2[1028]|arg1[1046]|arg1[1056]
1044	ถ้ำ	NN	NCMN	E_CLS	I_SENT	N	-	arg2[1028]|arg1[1046]|arg1[1056]
1045	_	PU	NCMN	O	I_SENT	N	-	arg2[1028]|arg1[1056]
1046	เพราะ	CC	JSBR	B_CLS	I_SENT	Contingency.Cause.Reason	-	arg2[1028]|arg1[1056]
1047	อาจ	AX	XVMM	I_CLS	I_SENT	N	-	arg2[1028]|arg2[1046]|arg1[1056]
1048	จะ	AX	XVBM	I_CLS	I_SENT	N	-	arg2[1028]|arg2[1046]|arg1[1056]
1049	มี	VV	VSTA	I_CLS	I_SENT	N	-	arg2[1028]|arg2[1046]|arg1[1056]
1050	น้ำ	NN	NCMN	I_CLS	I_SENT	N	-	arg2[1028]|arg2[1046]|arg1[1056]
1051	หลาก	VV	NCMN	I_CLS	I_SENT	N	-	arg2[1028]|arg2[1046]|arg1[1056]
1052	เกิด	VV	VSTA	I_CLS	I_SENT	N	-	arg2[1028]|arg2[1046]|arg1[1056]
1053	ขึ้น	AV	XVAE	I_CLS	I_SENT	N	-	arg2[1028]|arg2[1046]|arg1[1056]
1054	ได้	AX	XVAE	E_CLS	I_SENT	N	-	arg2[1028]|arg2[1046]|arg1[1056]
1055	_	PU	ADVN	O	I_SENT	N	-	arg2[1028]
1056	โดย	CC	JSBR	B_CLS	I_SENT	Expansion.GenExpansion	-	arg2[1028]
1057	มี	VV	VSTA	I_CLS	I_SENT	N	-	arg2[1028]|arg2[1056]|arg1[1064]
1058	ป้าย	NN	NCMN	I_CLS	I_SENT	N	-	arg2[1028]|arg2[1056]|arg1[1064]
1059	เตือน	VV	VACT	I_CLS	I_SENT	N	-	arg2[1028]|arg2[1056]|arg1[1064]
1060	ไว้	AX	XVAE	I_CLS	I_SENT	N	-	arg2[1028]|arg2[1056]|arg1[1064]
1061	ก่อน	AV	ADVN	I_CLS	I_SENT	N	-	arg2[1028]|arg2[1056]|arg1[1064]
1062	แล้ว	AX	JSBR	E_CLS	I_SENT	N	-	arg2[1028]|arg2[1056]|arg1[1064]
1063	_	PU	VACT	O	I_SENT	N	-	arg2[1028]|arg2[1056]
1064	เพราะ	CC	JSBR	B_CLS	I_SENT	Contingency.Cause.Reason	-	arg2[1028]|arg2[1056]
1065	บริเวณ	NN	NCMN	I_CLS	I_SENT	N	-	arg2[1028]|arg2[1056]|arg2[1064]
1066	จุด	NN	NCMN	I_CLS	I_SENT	N	-	arg2[1028]|arg2[1056]|arg2[1064]
1067	เกิด	VV	VSTA	I_CLS	I_SENT	N	-	arg2[1028]|arg2[1056]|arg2[1064]
1068	เหตุ	NN	NCMN	I_CLS	I_SENT	N	-	arg2[1028]|arg2[1056]|arg2[1064]
1069	เคย	AX	XVMM	I_CLS	I_SENT	N	-	arg2[1028]|arg2[1056]|arg2[1064]
1070	มี	VV	VSTA	I_CLS	I_SENT	N	-	arg2[1028]|arg2[1056]|arg2[1064]
1071	นัก	FX	ADVN	I_CLS	I_SENT	N	-	arg2[1028]|arg2[1056]|arg2[1064]
1072	ท่องเที่ยว	VV	JCMP	I_CLS	I_SENT	N	-	arg2[1028]|arg2[1056]|arg2[1064]
1073	เสียชีวิต	VV	VSTA	I_CLS	I_SENT	N	-	arg2[1028]|arg2[1056]|arg2[1064]
1074	ใน	PS	RPRE	I_CLS	I_SENT	N	-	arg2[1028]|arg2[1056]|arg2[1064]
1075	ลักษณะ	NN	NCMN	I_CLS	I_SENT	N	-	arg2[1028]|arg2[1056]|arg2[1064]
1076	ดังกล่าว	AJ	DDAC	I_CLS	I_SENT	N	-	arg2[1028]|arg2[1056]|arg2[1064]
1077	มา	VV	XVAE	I_CLS	I_SENT	N	-	arg2[1028]|arg2[1056]|arg2[1064]
1078	ครั้ง	CL	CFQC	I_CLS	I_SENT	N	-	arg2[1028]|arg2[1056]|arg2[1064]
1079	หนึ่ง	NU	DCNM	I_CLS	I_SENT	N	-	arg2[1028]|arg2[1056]|arg2[1064]
1080	แล้ว	AX	XVAE	E_CLS	I_SENT	N	-	arg2[1028]|arg2[1056]|arg2[1064]

1081	การ	FX	FIXN	B_CLS	B_SENT	N	-	arg1[1112]|arg1[1195]
1082	ค้นหา	VV	VACT	I_CLS	I_SENT	N	-	arg1[1112]|arg1[1195]
1083	กำลัง	NN	XVBM	I_CLS	I_SENT	N	-	arg1[1112]|arg1[1195]
1084	เป็น	VV	VSTA	I_CLS	I_SENT	N	-	arg1[1112]|arg1[1195]
1085	_	PU	NCMN	I_CLS	I_SENT	N	-	arg1[1112]|arg1[1195]
1086	3	NU	DCNM	I_CLS	I_SENT	N	-	arg1[1112]|arg1[1195]
1087	_	PU	NCMN	I_CLS	I_SENT	N	-	arg1[1112]|arg1[1195]
1088	ชุด	CL	CLTV	I_CLS	I_SENT	N	-	arg1[1112]|arg1[1195]
1089	_	PU	NCMN	I_CLS	I_SENT	N	-	arg1[1112]|arg1[1195]
1090	จะ	AX	XVBM	I_CLS	I_SENT	N	-	arg1[1112]|arg1[1195]
1091	มี	VV	VSTA	I_CLS	I_SENT	N	-	arg1[1112]|arg1[1195]
1092	เจ้าหน้าที่	NN	NCMN	I_CLS	I_SENT	N	-	arg1[1112]|arg1[1195]
1093	อุทยาน	NN	NCMN	I_CLS	I_SENT	N	-	arg1[1112]|arg1[1195]
1094	_	PU	NCMN	I_CLS	I_SENT	N	-	arg1[1112]|arg1[1195]
1095	เจ้าหน้าที่	NN	NCMN	I_CLS	I_SENT	N	-	arg1[1112]|arg1[1195]
1096	ตำรวจ	NN	NCMN	I_CLS	I_SENT	N	-	arg1[1112]|arg1[1195]
1097	ตระเวน	VV	NCMN	I_CLS	I_SENT	N	-	arg1[1112]|arg1[1195]
1098	ชายแดน	NN	NCMN	I_CLS	I_SENT	N	-	arg1[1112]|arg1[1195]
1099	ที่	PS	PREL	I_CLS	I_SENT	N	-	arg1[1112]|arg1[1195]
1100	_	PU	VACT	I_CLS	I_SENT	N	-	arg1[1112]|arg1[1195]
1101	416	NU	DCNM	I_CLS	I_SENT	N	-	arg1[1112]|arg1[1195]
1102	_	PU	NCMN	I_CLS	I_SENT	N	-	arg1[1112]|arg1[1195]
1103	อ.	NN	CMTR	I_CLS	I_SENT	N	-	arg1[1112]|arg1[1195]
1104	บ้านตาขุน	NN	NPRP	E_CLS	I_SENT	N	-	arg1[1112]|arg1[1195]
1105	_	PU	NCMN	O	I_SENT	N	-	arg1[1112]|arg1[1195]
1106	และ	CC	JCRG	B_CLS	I_SENT	N	-	arg1[1112]|arg1[1195]
1107	เจ้าหน้าที่	NN	NCMN	I_CLS	I_SENT	N	-	arg1[1112]|arg1[1195]
1108	หน่วย	NN	NCMN	I_CLS	I_SENT	N	-	arg1[1112]|arg1[1195]
1109	กู้ภัย	VV	NCMN	I_CLS	I_SENT	N	-	arg1[1112]|arg1[1195]
1110	มูลนิธิกุศลศรัทธาสุราษฎร์ธานี	NN	NCMN	E_CLS	I_SENT	N	-	arg1[1112]|arg1[1195]
1111	_	PU	NCMN	O	I_SENT	N	-	arg1[1195]
1112	โดย	CC	RPRE	B_CLS	I_SENT	Expansion.Conjunction	-	arg1[1195]
1113	ลักษณะ	NN	NCMN	I_CLS	I_SENT	N	-	arg2[1112]|arg1[1129]|arg1[1195]
1114	ของ	PS	RPRE	I_CLS	I_SENT	N	-	arg2[1112]|arg1[1129]|arg1[1195]
1115	ศพ	NN	NCMN	I_CLS	I_SENT	N	-	arg2[1112]|arg1[1129]|arg1[1195]
1116	ส่วนใหญ่	NN	DDAN	I_CLS	I_SENT	N	-	arg2[1112]|arg1[1129]|arg1[1195]
1117	ถูก	AX	XVAM	I_CLS	I_SENT	N	-	arg2[1112]|arg1[1129]|arg1[1195]|arg1[1125]
1118	น้ำ	NN	NCMN	I_CLS	I_SENT	N	-	arg2[1112]|arg1[1129]|arg1[1195]|arg1[1125]
1119	พัด	VV	VSTA	I_CLS	I_SENT	N	-	arg2[1112]|arg1[1129]|arg1[1195]|arg1[1125]
1120	ไป	AV	XVAE	I_CLS	I_SENT	N	-	arg2[1112]|arg1[1129]|arg1[1195]|arg1[1125]
1121	ติด	VV	VSTA	I_CLS	I_SENT	N	-	arg2[1112]|arg1[1129]|arg1[1195]|arg1[1125]
1122	ตาม	PS	RPRE	I_CLS	I_SENT	N	-	arg2[1112]|arg1[1129]|arg1[1195]|arg1[1125]
1123	ซอก	NN	NCMN	I_CLS	I_SENT	N	-	arg2[1112]|arg1[1129]|arg1[1195]|arg1[1125]
1124	หิน	NN	NCMN	E_CLS	I_SENT	N	-	arg2[1112]|arg1[1129]|arg1[1195]|arg1[1125]
1125	และ	CC	JCRG	B_CLS	I_SENT	Expansion.Conjunction	-	arg2[1112]|arg1[1129]|arg1[1195]
1126	จม	VV	NCMN	I_CLS	I_SENT	N	-	arg2[1112]|arg1[1129]|arg1[1195]|arg2[1125]
1127	น้ำ	NN	NCMN	I_CLS	I_SENT	N	-	arg2[1112]|arg1[1129]|arg1[1195]|arg2[1125]
1128	_	PU	NCMN	I_CLS	I_SENT	N	-	arg1[1195]
1129	ส่วน	CC	NCMN	I_CLS	I_SENT	Expansion.Conjunction	-	arg1[1195]
1130	อีก	AJ	DDBQ	I_CLS	I_SENT	N	-	arg1[1195]|arg2[1129]|arg1[1149]
1131	_	PU	NCMN	I_CLS	I_SENT	N	-	arg1[1195]|arg2[1129]|arg1[1149]
1132	2	NU	DCNM	I_CLS	I_SENT	N	-	arg1[1195]|arg2[1129]|arg1[1149]
1133	_	PU	NCMN	I_CLS	I_SENT	N	-	arg1[1195]|arg2[1129]|arg1[1149]
1134	ศพ	CL	CMTR	I_CLS	I_SENT	N	-	arg1[1195]|arg2[1129]|arg1[1149]
1135	ที่	CC	PREL	I_CLS	I_SENT	N	-	arg1[1195]|arg2[1129]|arg1[1149]
1136	ยัง	AX	XVBM	I_CLS	I_SENT	N	-	arg1[1195]|arg2[1129]|arg1[1149]
1137	สูญหาย	VV	VSTA	I_CLS	I_SENT	N	-	arg1[1195]|arg2[1129]|arg1[1149]
1138	_	PU	NCMN	I_CLS	I_SENT	N	-	arg1[1195]|arg2[1129]|arg1[1149]
1139	จะ	AX	XVBM	I_CLS	I_SENT	N	-	arg1[1195]|arg2[1129]|arg1[1149]
1140	เริ่ม	VV	VSTA	I_CLS	I_SENT	N	-	arg1[1195]|arg2[1129]|arg1[1149]
1141	ค้นหา	VV	VACT	I_CLS	I_SENT	N	-	arg1[1195]|arg2[1129]|arg1[1149]
1142	เวลา	NN	NCMN	I_CLS	I_SENT	N	-	arg1[1195]|arg2[1129]|arg1[1149]
1143	ประมาณ	AJ	DIBQ	I_CLS	I_SENT	N	-	arg1[1195]|arg2[1129]|arg1[1149]
1144	_	PU	NCMN	I_CLS	I_SENT	N	-	arg1[1195]|arg2[1129]|arg1[1149]
1145	06.00	NU	NCNM	I_CLS	I_SENT	N	-	arg1[1195]|arg2[1129]|arg1[1149]
1146	_	PU	PUNC	I_CLS	I_SENT	N	-	arg1[1195]|arg2[1129]|arg1[1149]
1147	น.	CL	CMTR	E_CLS	I_SENT	N	-	arg1[1195]|arg2[1129]|arg1[1149]
1148	_	PU	NCMN	O	I_SENT	N	-	arg1[1195]
1149	โดย	CC	RPRE	B_CLS	I_SENT	Expansion.GenExpansion	-	arg1[1195]
1150	ต้อง	AX	XVMM	I_CLS	I_SENT	N	-	arg1[1195]|arg2[1149]|arg1[1156]
1151	ยุติ	VV	VACT	I_CLS	I_SENT	N	-	arg1[1195]|arg2[1149]|arg1[1156]
1152	การ	FX	FIXN	I_CLS	I_SENT	N	-	arg1[1195]|arg2[1149]|arg1[1156]
1153	ค้นหา	VV	VACT	I_CLS	I_SENT	N	-	arg1[1195]|arg2[1149]|arg1[1156]
1154	ชั่วคราว	VV	ADVN	E_CLS	I_SENT	N	-	arg1[1195]|arg2[1149]|arg1[1156]
1155	_	PU	NCMN	O	I_SENT	N	-	arg1[1195]
1156	เนื่องจาก	CC	JSBR	B_CLS	I_SENT	Contingency.Cause.Reason	-	arg1[1195]
1157	เจ้าหน้าที่	NN	NCMN	I_CLS	I_SENT	N	-	arg1[1195]|arg2[1156]|arg1[1182]|arg1[1160]
1158	อ่อนล้า	VV	VACT	E_CLS	I_SENT	N	-	arg1[1195]|arg2[1156]|arg1[1182]|arg1[1160]
1159	_	PU	NCMN	O	I_SENT	N	-	arg1[1195]|arg2[1156]|arg1[1182]
1160	เนื่องจาก	CC	JSBR	B_CLS	I_SENT	Contingency.Cause.Reason	-	arg1[1195]|arg2[1156]|arg1[1182]
1161	ต้อง	AX	XVMM	I_CLS	I_SENT	N	-	arg1[1195]|arg2[1156]|arg1[1182]|arg2[1160]|arg1[1169]
1162	เดินเท้า	VV	VACT	I_CLS	I_SENT	N	-	arg1[1195]|arg2[1156]|arg1[1182]|arg2[1160]|arg1[1169]
1163	ประมาณ	AJ	DIBQ	I_CLS	I_SENT	N	-	arg1[1195]|arg2[1156]|arg1[1182]|arg2[1160]|arg1[1169]
1164	_	PU	NCMN	I_CLS	I_SENT	N	-	arg1[1195]|arg2[1156]|arg1[1182]|arg2[1160]|arg1[1169]
1165	3	NU	DCNM	I_CLS	I_SENT	N	-	arg1[1195]|arg2[1156]|arg1[1182]|arg2[1160]|arg1[1169]
1166	_	PU	PUNC	I_CLS	I_SENT	N	-	arg1[1195]|arg2[1156]|arg1[1182]|arg2[1160]|arg1[1169]
1167	กิโลเมตร	CL	CMTR	E_CLS	I_SENT	N	-	arg1[1195]|arg2[1156]|arg1[1182]|arg2[1160]|arg1[1169]
1168	_	PU	NCMN	O	I_SENT	N	-	arg1[1195]|arg2[1156]|arg1[1182]|arg2[1160]
1169	และ	CC	JCRG	B_CLS	I_SENT	Expansion.Conjunction	-	arg1[1195]|arg2[1156]|arg1[1182]|arg2[1160]
1170	ต้อง	AX	XVMM	I_CLS	I_SENT	N	-	arg1[1195]|arg2[1156]|arg1[1182]|arg2[1160]|arg2[1169]|arg1[1175]
1171	ค้นหา	VV	VACT	I_CLS	I_SENT	N	-	arg1[1195]|arg2[1156]|arg1[1182]|arg2[1160]|arg2[1169]|arg1[1175]
1172	ตาม	PS	RPRE	I_CLS	I_SENT	N	-	arg1[1195]|arg2[1156]|arg1[1182]|arg2[1160]|arg2[1169]|arg1[1175]
1173	ซอก	NN	NCMN	I_CLS	I_SENT	N	-	arg1[1195]|arg2[1156]|arg1[1182]|arg2[1160]|arg2[1169]|arg1[1175]
1174	หิน	NN	NCMN	E_CLS	I_SENT	N	-	arg1[1195]|arg2[1156]|arg1[1182]|arg2[1160]|arg2[1169]|arg1[1175]
1175	ซึ่ง	CC	PREL	B_CLS	I_SENT	Expansion.GenExpansion	-	arg1[1195]|arg2[1156]|arg1[1182]|arg2[1160]|arg2[1169]
1176	เป็น	VV	VSTA	I_CLS	I_SENT	N	-	arg1[1195]|arg2[1156]|arg1[1182]|arg2[1160]|arg2[1169]|arg2[1175]
1177	ไป	AV	XVAE	I_CLS	I_SENT	N	-	arg1[1195]|arg2[1156]|arg1[1182]|arg2[1160]|arg2[1169]|arg2[1175]
1178	ด้วย	PS	RPRE	I_CLS	I_SENT	N	-	arg1[1195]|arg2[1156]|arg1[1182]|arg2[1160]|arg2[1169]|arg2[1175]
1179	ความ	FX	FIXN	I_CLS	I_SENT	N	-	arg1[1195]|arg2[1156]|arg1[1182]|arg2[1160]|arg2[1169]|arg2[1175]
1180	ยากลำบาก	VV	VSTA	E_CLS	I_SENT	N	-	arg1[1195]|arg2[1156]|arg1[1182]|arg2[1160]|arg2[1169]|arg2[1175]
1181	_	PU	NCMN	O	I_SENT	N	-	arg1[1195]
1182	จึง	CC	XVBM	B_CLS	I_SENT	Contingency.Cause.Result	-	arg1[1195]
1183	ต้อง	AX	XVMM	I_CLS	I_SENT	N	-	arg1[1195]|arg2[1182]
1184	ถอน	VV	VACT	I_CLS	I_SENT	N	-	arg1[1195]|arg2[1182]
1185	กำลัง	NN	NCMN	E_CLS	I_SENT	N	-	arg1[1195]|arg2[1182]

1186	เล่า	VV	NCMN	B_CLS	B_SENT	N	-	-
1187	นาที	CL	CMTR	I_CLS	I_SENT	N	-	-
1188	ชีวิต	NN	NCMN	I_CLS	I_SENT	N	-	-
1189	ปีน	VV	VSTA	I_CLS	I_SENT	N	-	arg1[1193]
1190	ขึ้น	AV	XVAE	I_CLS	I_SENT	N	-	arg1[1193]
1191	โขด	NN	NCMN	I_CLS	I_SENT	N	-	arg1[1193]
1192	หิน	NN	NCMN	I_CLS	I_SENT	N	-	arg1[1193]
1193	ถึง	CC	RPRE	I_CLS	I_SENT	Contingency.Cause.Result	-	-
1194	รอด	VV	NCMN	E_CLS	I_SENT	N	-	arg2[1193]

1195	ทั้งนี้	CC	DONM	B_CLS	B_SENT	Expansion.GenExpansion	-	-
1196	_	PU	NCMN	I_CLS	I_SENT	N	-	-
1197	เมื่อ	PS	JSBR	I_CLS	I_SENT	N	-	arg2[1195]
1198	เวลา	NN	NCMN	I_CLS	I_SENT	N	-	arg2[1195]
1199	ประมาณ	AJ	DIBQ	I_CLS	I_SENT	N	-	arg2[1195]
1200	_	PU	NCMN	I_CLS	I_SENT	N	-	arg2[1195]
1201	12.00	NU	NCNM	I_CLS	I_SENT	N	-	arg2[1195]
1202	_	PU	PUNC	I_CLS	I_SENT	N	-	arg2[1195]
1203	น.	CL	CMTR	I_CLS	I_SENT	N	-	arg2[1195]
1204	วัน	NN	NCMN	I_CLS	I_SENT	N	-	arg2[1195]
1205	เดียว	NU	DIAC	I_CLS	I_SENT	N	-	arg2[1195]
1206	กัน	PR	ADVN	I_CLS	I_SENT	N	-	arg2[1195]
1207	_	PU	NCMN	I_CLS	I_SENT	N	-	arg2[1195]
1208	การ	FX	FIXN	I_CLS	I_SENT	N	-	arg2[1195]
1209	ค้นหา	VV	VACT	I_CLS	I_SENT	N	-	arg2[1195]
1210	ของ	PS	RPRE	I_CLS	I_SENT	N	-	arg2[1195]
1211	เจ้าหน้าที่	NN	NCMN	I_CLS	I_SENT	N	-	arg2[1195]
1212	หน่วย	NN	NCMN	I_CLS	I_SENT	N	-	arg2[1195]
1213	กู้ภัย	VV	NCMN	E_CLS	I_SENT	N	-	arg2[1195]
1214	และ	CC	JCRG	B_CLS	I_SENT	N	-	arg2[1195]
1215	เจ้าหน้าที่	NN	NCMN	I_CLS	I_SENT	N	-	arg2[1195]
1216	ของ	PS	RPRE	I_CLS	I_SENT	N	-	arg2[1195]
1217	อุทยาน	NN	NCMN	I_CLS	I_SENT	N	-	arg2[1195]
1218	แห่ง	PS	RPRE	I_CLS	I_SENT	N	-	arg2[1195]
1219	ชาติ	NN	NCMN	I_CLS	I_SENT	N	-	arg2[1195]
1220	เขา	NN	PPRS	I_CLS	I_SENT	N	-	arg2[1195]
1221	สก	NN	VACT	I_CLS	I_SENT	N	-	arg2[1195]
1222	อย่าง	FX	FIXV	I_CLS	I_SENT	N	-	arg2[1195]
1223	ปาฏิหาริย์	VV	VSTA	E_CLS	I_SENT	N	-	arg2[1195]
1224	_	PU	ADVN	O	I_SENT	N	-	-
1225	เมื่อ	CC	JSBR	B_CLS	I_SENT	Temporal.Asynchronous.Succession	-	-
1226	พบ	VV	VACT	E_CLS	I_SENT	N	-	arg2[1225]|arg1[1227]
1227	และ	CC	JCRG	B_CLS	I_SENT	Expansion.Conjunction	-	arg2[1225]
1228	ช่วยเหลือ	VV	VACT	I_CLS	I_SENT	N	-	arg2[1225]|arg2[1227]
1229	นัก	FX	FIXN	I_CLS	I_SENT	N	-	arg2[1225]|arg2[1227]
1230	ท่องเที่ยว	VV	VACT	I_CLS	I_SENT	N	-	arg2[1225]|arg2[1227]
1231	สัญชาติ	NN	NCMN	I_CLS	I_SENT	N	-	arg2[1225]|arg2[1227]
1232	อังกฤษ	NN	NPRP	I_CLS	I_SENT	N	-	arg2[1225]|arg2[1227]
1233	_	PU	NCMN	I_CLS	I_SENT	N	-	arg2[1225]|arg2[1227]
1234	เพศ	NN	NCMN	I_CLS	I_SENT	N	-	arg2[1225]|arg2[1227]
1235	หญิง	NN	NCMN	I_CLS	I_SENT	N	-	arg2[1225]|arg2[1227]
1236	_	PU	NCMN	I_CLS	I_SENT	N	-	arg2[1225]|arg2[1227]
1237	ทราบ	VV	VSTA	I_CLS	I_SENT	N	-	arg2[1225]|arg2[1227]
1238	ชื่อ	NN	NCMN	I_CLS	I_SENT	N	-	arg2[1225]|arg2[1227]
1239	คือ	VV	VSTA	I_CLS	I_SENT	N	-	arg2[1225]|arg2[1227]
1240	_	PU	NCMN	I_CLS	I_SENT	N	-	arg2[1225]|arg2[1227]
1241	น.ส.	NN	NCMN	I_CLS	I_SENT	N	-	arg2[1225]|arg2[1227]
1242	เฮเลน่า	NN	NCMN	I_CLS	I_SENT	N	-	arg2[1225]|arg2[1227]
1243	_	PU	NCMN	I_CLS	I_SENT	N	-	arg2[1225]|arg2[1227]
1244	คาร์ด	NN	NCMN	I_CLS	I_SENT	N	-	arg2[1225]|arg2[1227]
1245	_	PU	NCMN	I_CLS	I_SENT	N	-	arg2[1225]|arg2[1227]
1246	อายุ	NN	NCMN	I_CLS	I_SENT	N	-	arg2[1225]|arg2[1227]
1247	_	PU	NCMN	I_CLS	I_SENT	N	-	arg2[1225]|arg2[1227]
1248	21	NU	DCNM	I_CLS	I_SENT	N	-	arg2[1225]|arg2[1227]
1249	_	PU	PUNC	I_CLS	I_SENT	N	-	arg2[1225]|arg2[1227]
1250	ปี	CL	CMTR	I_CLS	I_SENT	N	-	arg2[1225]|arg2[1227]
1251	_	PU	PUNC	I_CLS	I_SENT	N	-	arg2[1225]|arg2[1227]
1252	ชาว	FX	NCMN	I_CLS	I_SENT	N	-	arg2[1225]|arg2[1227]
1253	อังกฤษ	NN	NPRP	I_CLS	I_SENT	N	-	arg2[1225]|arg2[1227]
1254	_	PU	NCMN	I_CLS	I_SENT	N	-	arg2[1225]|arg2[1227]
1255	ใน	PS	RPRE	I_CLS	I_SENT	N	-	arg2[1225]|arg2[1227]|arg1[1258]|arg1[1262]
1256	สภาพ	NN	NCMN	I_CLS	I_SENT	N	-	arg2[1225]|arg2[1227]|arg1[1258]|arg1[1262]
1257	อิดโรย	VV	NCMN	E_CLS	I_SENT	N	-	arg2[1225]|arg2[1227]|arg1[1258]|arg1[1262]
1258	เพราะ	CC	JSBR	B_CLS	I_SENT	Contingency.Cause.Reason	-	arg2[1225]|arg2[1227]|arg1[1262]
1259	ขาด	VV	VSTA	I_CLS	I_SENT	N	-	arg2[1225]|arg2[1227]|arg2[1258]|arg1[1262]
1260	อาหาร	NN	NCMN	E_CLS	I_SENT	N	-	arg2[1225]|arg2[1227]|arg2[1258]|arg1[1262]
1261	_	PU	NCMN	O	I_SENT	N	-	arg2[1225]|arg2[1227]|arg1[1262]
1262	แต่	CC	JCRG	B_CLS	I_SENT	Comparison.Concession.Arg2-As-Denier	-	arg2[1225]|arg2[1227]
1263	ร่างกาย	NN	NCMN	I_CLS	I_SENT	N	-	arg2[1225]|arg2[1227]|arg2[1262]
1264	ปกติ	VV	VATT	I_CLS	I_SENT	N	-	arg2[1225]|arg2[1227]|arg2[1262]
1265	กว่า	AJ	JCMP	I_CLS	I_SENT	N	-	arg2[1225]|arg2[1227]|arg2[1262]
1266	_	PU	NCMN	I_CLS	I_SENT	N	-	arg2[1225]|arg2[1227]|arg2[1262]
1267	80	NU	DCNM	I_CLS	I_SENT	N	-	arg2[1225]|arg2[1227]|arg2[1262]
1268	%	PU	NCMN	I_CLS	I_SENT	N	-	arg2[1225]|arg2[1227]|arg2[1262]
1269	_	PU	CNIT	I_CLS	I_SENT	N	-	arg2[1225]|arg2[1227]
1270	ร้องเรียก	VV	NCMN	I_CLS	I_SENT	N	-	arg2[1225]|arg2[1227]
1271	ขอ	VV	VACT	I_CLS	I_SENT	N	-	arg2[1225]|arg2[1227]
1272	ความ	FX	FIXN	I_CLS	I_SENT	N	-	arg2[1225]|arg2[1227]
1273	ช่วยเหลือ	VV	VACT	I_CLS	I_SENT	N	-	arg2[1225]|arg2[1227]
1274	อยู่	VV	XVAE	I_CLS	I_SENT	N	-	arg2[1225]|arg2[1227]
1275	บน	PS	RPRE	I_CLS	I_SENT	N	-	arg2[1225]|arg2[1227]
1276	โขด	NN	NCMN	I_CLS	I_SENT	N	-	arg2[1225]|arg2[1227]
1277	หิน	NN	NCMN	I_CLS	I_SENT	N	-	arg2[1225]|arg2[1227]
1278	เหนือ	PS	RPRE	I_CLS	I_SENT	N	-	arg2[1225]|arg2[1227]
1279	ถ้ำ	NN	NCMN	I_CLS	I_SENT	N	-	arg2[1225]|arg2[1227]
1280	น้ำทะลุ	NN	NCMN	I_CLS	I_SENT	N	-	arg2[1225]|arg2[1227]
1281	_	PU	NCMN	I_CLS	I_SENT	N	-	-
1282	เจ้าหน้าที่	NN	NCMN	I_CLS	I_SENT	N	-	arg1[1225]
1283	เข้า	AV	VACT	I_CLS	I_SENT	N	-	arg1[1225]
1284	ไป	AV	XVAE	I_CLS	I_SENT	N	-	arg1[1225]
1285	ช่วยเหลือ	VV	VACT	I_CLS	I_SENT	N	-	arg1[1225]
1286	นำ	VV	VACT	I_CLS	I_SENT	N	-	arg1[1225]|arg1[1292]
1287	ขึ้น	AV	XVAE	I_CLS	I_SENT	N	-	arg1[1225]|arg1[1292]
1288	ฝั่ง	NN	NCMN	I_CLS	I_SENT	N	-	arg1[1225]|arg1[1292]
1289	อย่าง	FX	FIXV	I_CLS	I_SENT	N	-	arg1[1225]|arg1[1292]
1290	เร่งด่วน	VV	VATT	E_CLS	I_SENT	N	-	arg1[1225]|arg1[1292]
1291	_	PU	NCMN	O	I_SENT	N	-	arg1[1225]
1292	พร้อม	CC	VSTA	B_CLS	I_SENT	Expansion.Conjunction	-	arg1[1225]
1293	นำ	VV	VACT	I_CLS	I_SENT	N	-	arg1[1225]|arg2[1292]
1294	ตัว	NN	NCMN	I_CLS	I_SENT	N	-	arg1[1225]|arg2[1292]
1295	ไป	AV	XVAE	I_CLS	I_SENT	N	-	arg1[1225]|arg2[1292]
1296	ตรวจ	VV	VACT	I_CLS	I_SENT	N	-	arg1[1225]|arg2[1292]
1297	สภาพ	NN	NCMN	I_CLS	I_SENT	N	-	arg1[1225]|arg2[1292]
1298	ร่างกาย	NN	NCMN	I_CLS	I_SENT	N	-	arg1[1225]|arg2[1292]
1299	ที่	PS	PREL	I_CLS	I_SENT	N	-	arg1[1225]|arg2[1292]
1300	โรงพยาบาล	NN	NCMN	I_CLS	I_SENT	N	-	arg1[1225]|arg2[1292]
1301	สุราษฎร์ธานี	NN	NPRP	E_CLS	I_SENT	N	-	arg1[1225]|arg2[1292]

1302	น.ส.	NN	NTTL	B_CLS	B_SENT	N	-	-
1303	เฮเลน่า	NN	NCMN	I_CLS	I_SENT	N	-	-
1304	_	PU	NCMN	I_CLS	I_SENT	N	-	-
1305	ผู้	FX	PREL	I_CLS	I_SENT	N	-	-
1306	รอด	VV	VACT	I_CLS	I_SENT	N	-	-
1307	ชีวิต	NN	NCMN	I_CLS	I_SENT	N	-	-
1308	_	PU	NCMN	I_CLS	I_SENT	N	-	-
1309	กล่าว	VV	VACT	I_CLS	I_SENT	N	-	-
1310	ผ่าน	VV	VSTA	I_CLS	I_SENT	N	-	-
1311	ล่าม	VV	XVAE	I_CLS	I_SENT	N	-	-
1312	ว่า	CC	JSBR	E_CLS	I_SENT	N	-	-
1313	_	PU	NCMN	O	I_SENT	N	-	-
1314	มา	VV	XVAE	B_CLS	I_SENT	N	-	arg1[1339]
1315	กับ	PS	RPRE	I_CLS	I_SENT	N	-	arg1[1339]
1316	แฟน	NN	NCMN	I_CLS	I_SENT	N	-	arg1[1339]
1317	หนุ่ม	VV	NCMN	E_CLS	I_SENT	N	-	arg1[1339]
1318	ที่	CC	PREL	B_CLS	I_SENT	N	-	arg1[1339]
1319	คบ	VV	VACT	I_CLS	I_SENT	N	-	arg1[1339]
1320	กัน	PR	ADVN	I_CLS	I_SENT	N	-	arg1[1339]
1321	มา	VV	XVAE	I_CLS	I_SENT	N	-	arg1[1339]
1322	_	PU	VACT	I_CLS	I_SENT	N	-	arg1[1339]
1323	3	NU	DCNM	I_CLS	I_SENT	N	-	arg1[1339]
1324	_	PU	NCMN	I_CLS	I_SENT	N	-	arg1[1339]
1325	ปี	CL	CMTR	I_CLS	I_SENT	N	-	arg1[1339]
1326	_	PU	DCNM	I_CLS	I_SENT	N	-	arg1[1339]
1327	ชื่อ	VV	NCMN	I_CLS	I_SENT	N	-	arg1[1339]
1328	นาย	NN	NCMN	I_CLS	I_SENT	N	-	arg1[1339]
1329	จอห์น	NN	NPRP	I_CLS	I_SENT	N	-	arg1[1339]
1330	_	PU	NCMN	I_CLS	I_SENT	N	-	arg1[1339]
1331	กัลเลน	NN	NCMN	I_CLS	I_SENT	N	-	arg1[1339]
1332	_	PU	NCMN	I_CLS	I_SENT	N	-	arg1[1339]
1333	อายุ	NN	NCMN	I_CLS	I_SENT	N	-	arg1[1339]
1334	_	PU	NCMN	I_CLS	I_SENT	N	-	arg1[1339]
1335	24	NU	DCNM	I_CLS	I_SENT	N	-	arg1[1339]
1336	_	PU	PUNC	I_CLS	I_SENT	N	-	arg1[1339]
1337	ปี	CL	CMTR	E_CLS	I_SENT	N	-	arg1[1339]
1338	_	PU	PUNC	O	I_SENT	N	-	-
1339	และ	CC	JCRG	B_CLS	I_SENT	Expansion.Conjunction	-	-
1340	มา	AV	VACT	I_CLS	I_SENT	N	-	arg2[1339]
1341	พัก	VV	NCMN	I_CLS	I_SENT	N	-	arg2[1339]
1342	ที่	PS	PREL	I_CLS	I_SENT	N	-	arg2[1339]
1343	อุทยาน	NN	VACT	I_CLS	I_SENT	N	-	arg2[1339]
1344	แห่ง	PS	RPRE	I_CLS	I_SENT	N	-	arg2[1339]
1345	ชาติ	NN	NCMN	I_CLS	I_SENT	N	-	arg2[1339]
1346	เขา	NN	PPRS	I_CLS	I_SENT	N	-	arg2[1339]
1347	สก	NN	VACT	E_CLS	I_SENT	N	-	arg2[1339]
1348	_	PU	NCMN	O	I_SENT	N	-	-
1349	ก่อน	CC	RPRE	B_CLS	I_SENT	Temporal.Asynchronous.Precedence	-	-
1350	เกิด	VV	VSTA	I_CLS	I_SENT	N	-	arg2[1349]
1351	เหตุ	NN	NCMN	I_CLS	I_SENT	N	-	arg2[1349]
1352	เดินทาง	VV	VACT	I_CLS	I_SENT	N	-	arg1[1349]|arg1[1358]
1353	เข้า	AV	RPRE	I_CLS	I_SENT	N	-	arg1[1349]|arg1[1358]
1354	ไป	AV	XVAE	I_CLS	I_SENT	N	-	arg1[1349]|arg1[1358]
1355	ท่องเที่ยว	VV	VACT	I_CLS	I_SENT	N	-	arg1[1349]|arg1[1358]
1356	ใน	PS	RPRE	I_CLS	I_SENT	N	-	arg1[1349]|arg1[1358]
1357	ถ้ำ	NN	NCMN	E_CLS	I_SENT	N	-	arg1[1349]|arg1[1358]
1358	และ	CC	JCRG	B_CLS	I_SENT	Expansion.Conjunction	-	arg1[1349]
1359	เดิน	VV	VACT	I_CLS	I_SENT	N	-	arg1[1349]|arg2[1358]
1360	เป็น	VV	VSTA	I_CLS	I_SENT	N	-	arg1[1349]|arg2[1358]
1361	คน	CL	NCMN	I_CLS	I_SENT	N	-	arg1[1349]|arg2[1358]
1362	สุดท้าย	NU	DONM	I_CLS	I_SENT	N	-	arg1[1349]|arg2[1358]
1363	_	PU	NCMN	I_CLS	I_SENT	N	-	-
1364	ช่วง	NN	NCMN	I_CLS	I_SENT	N	-	arg1[1376]
1365	จังหวะ	NN	NCMN	I_CLS	I_SENT	N	-	arg1[1376]
1366	นั้น	AJ	DDAC	I_CLS	I_SENT	N	-	arg1[1376]
1367	มี	VV	VSTA	I_CLS	I_SENT	N	-	arg1[1376]
1368	น้ำ	NN	NCMN	I_CLS	I_SENT	N	-	arg1[1376]
1369	ป่า	NN	VACT	I_CLS	I_SENT	N	-	arg1[1376]
1370	ไหลหลาก	VV	NCMN	I_CLS	I_SENT	N	-	arg1[1376]
1371	ทะลัก	VV	NCMN	I_CLS	I_SENT	N	-	arg1[1376]
1372	มา	AV	XVAE	I_CLS	I_SENT	N	-	arg1[1376]
1373	อย่าง	FX	FIXV	I_CLS	I_SENT	N	-	arg1[1376]
1374	รวดเร็ว	VV	VATT	E_CLS	I_SENT	N	-	arg1[1376]
1375	_	PU	NCMN	O	I_SENT	N	-	-
1376	จึง	CC	XVBM	B_CLS	I_SENT	Contingency.Cause.Result	-	-
1377	จับ	VV	VACT	I_CLS	I_SENT	N	-	arg2[1376]|arg1[1388]
1378	แง่ง	NN	NCMN	I_CLS	I_SENT	N	-	arg2[1376]|arg1[1388]
1379	หิน	NN	NCMN	E_CLS	I_SENT	N	-	arg2[1376]|arg1[1388]
1380	ที่	CC	PREL	B_CLS	I_SENT	N	-	arg2[1376]|arg1[1388]
1381	อยู่	VV	VSTA	I_CLS	I_SENT	N	-	arg2[1376]|arg1[1388]
1382	ใกล้	PS	RPRE	I_CLS	I_SENT	N	-	arg2[1376]|arg1[1388]
1383	มือ	NN	NCMN	I_CLS	I_SENT	N	-	arg2[1376]|arg1[1388]
1384	ที่สุด	AV	ADVN	I_CLS	I_SENT	N	-	arg2[1376]|arg1[1388]
1385	บริเวณ	NN	NCMN	I_CLS	I_SENT	N	-	arg2[1376]|arg1[1388]
1386	นั้น	AJ	DDAC	I_CLS	I_SENT	N	-	arg2[1376]|arg1[1388]
1387	_	PU	NCMN	I_CLS	I_SENT	N	-	arg2[1376]
1388	แล้ว	AX	JSBR	I_CLS	I_SENT	Temporal.Asynchronous.Precedence	-	arg2[1376]
1389	ประคอง	VV	VACT	I_CLS	I_SENT	N	-	arg2[1376]|arg2[1388]|arg1[1397]
1390	ตัว	NN	CNIT	I_CLS	I_SENT	N	-	arg2[1376]|arg2[1388]|arg1[1397]
1391	ขึ้น	AV	XVAE	I_CLS	I_SENT	N	-	arg2[1376]|arg2[1388]|arg1[1397]
1392	ไป	VV	XVAE	I_CLS	I_SENT	N	-	arg2[1376]|arg2[1388]|arg1[1397]
1393	บน	PS	RPRE	I_CLS	I_SENT	N	-	arg2[1376]|arg2[1388]|arg1[1397]
1394	ก้อน	CL	NCMN	I_CLS	I_SENT	N	-	arg2[1376]|arg2[1388]|arg1[1397]
1395	หิน	NN	NCMN	E_CLS	I_SENT	N	-	arg2[1376]|arg2[1388]|arg1[1397]
1396	_	PU	NCMN	O	I_SENT	N	-	arg2[1376]|arg2[1388]
1397	และ	CC	JCRG	B_CLS	I_SENT	Expansion.Conjunction	-	arg2[1376]|arg2[1388]
1398	นั่ง	VV	NCMN	I_CLS	I_SENT	N	-	arg2[1376]|arg2[1388]|arg2[1397]
1399	รอ	VV	VSTA	I_CLS	I_SENT	N	-	arg2[1376]|arg2[1388]|arg2[1397]
1400	ขอ	VV	VACT	I_CLS	I_SENT	N	-	arg2[1376]|arg2[1388]|arg2[1397]
1401	ความ	FX	FIXN	I_CLS	I_SENT	N	-	arg2[1376]|arg2[1388]|arg2[1397]
1402	ช่วยเหลือ	VV	VACT	E_CLS	I_SENT	N	-	arg2[1376]|arg2[1388]|arg2[1397]

1403	"	PU	PUNC	B_CLS	B_SENT	N	-	-
1404	ใน	PS	RPRE	I_CLS	I_SENT	N	-	-
1405	ช่วง	NN	NCMN	I_CLS	I_SENT	N	-	-
1406	เกิด	VV	VSTA	I_CLS	I_SENT	N	-	-
1407	เหตุ	NN	NCMN	I_CLS	I_SENT	N	-	-
1408	ตน	PR	RPRE	I_CLS	I_SENT	N	-	-
1409	มอง	VV	NCMN	I_CLS	I_SENT	N	-	arg1[1429]
1410	เห็น	VV	VSTA	I_CLS	I_SENT	N	-	arg1[1429]
1411	แฟน	NN	NCMN	I_CLS	I_SENT	N	-	arg1[1429]
1412	พยายาม	VV	VACT	I_CLS	I_SENT	N	-	arg1[1429]|arg1[1420]
1413	ว่าย	VV	VACT	I_CLS	I_SENT	N	-	arg1[1429]|arg1[1420]
1414	น้ำ	NN	NCMN	I_CLS	I_SENT	N	-	arg1[1429]|arg1[1420]
1415	เข้า	AV	VACT	I_CLS	I_SENT	N	-	arg1[1429]|arg1[1420]
1416	มา	AV	XVAE	I_CLS	I_SENT	N	-	arg1[1429]|arg1[1420]
1417	หา	VV	VACT	I_CLS	I_SENT	N	-	arg1[1429]|arg1[1420]
1418	ตน	PR	PPRS	E_CLS	I_SENT	N	-	arg1[1429]|arg1[1420]
1419	_	PU	NCMN	O	I_SENT	N	-	arg1[1429]
1420	แต่	CC	JCRG	B_CLS	I_SENT	Comparison.Concession.Arg2-As-Denier	-	arg1[1429]
1421	ถูก	AX	XVAM	I_CLS	I_SENT	N	-	arg1[1429]|arg2[1420]
1422	กระแส	NN	NCMN	I_CLS	I_SENT	N	-	arg1[1429]|arg2[1420]
1423	น้ำ	NN	NCMN	I_CLS	I_SENT	N	-	arg1[1429]|arg2[1420]
1424	พัดพา	VV	NCMN	I_CLS	I_SENT	N	-	arg1[1429]|arg2[1420]
1425	ร่าง	NN	NCMN	I_CLS	I_SENT	N	-	arg1[1429]|arg2[1420]
1426	หาย	VV	VSTA	I_CLS	I_SENT	N	-	arg1[1429]|arg2[1420]
1427	ไป	AV	XVAE	E_CLS	I_SENT	N	-	arg1[1429]|arg2[1420]
1428	_	PU	NCMN	O	I_SENT	N	-	-
1429	และ	CC	JCRG	B_CLS	I_SENT	Expansion.Conjunction	-	-
1430	ไม่	NG	NEG	I_CLS	I_SENT	N	-	arg2[1429]
1431	ทราบ	VV	VSTA	I_CLS	I_SENT	N	-	arg2[1429]
1432	ชะตา	NN	ADVN	I_CLS	I_SENT	N	-	arg2[1429]
1433	กรรม	NN	NCMN	I_CLS	I_SENT	N	-	arg2[1429]
1434	จนถึง	PS	RPRE	I_CLS	I_SENT	N	-	arg2[1429]
1435	ตอน	NN	NCMN	I_CLS	I_SENT	N	-	arg2[1429]
1436	นี้	AJ	DDAC	I_CLS	I_SENT	N	-	arg2[1429]
1437	"	PU	PUNC	I_CLS	I_SENT	N	-	-
1438	_	PU	NCMN	I_CLS	I_SENT	N	-	-
1439	น.ส.	NN	NTTL	I_CLS	I_SENT	N	-	-
1440	เฮเลน่า	NN	NPRP	I_CLS	I_SENT	N	-	-
1441	_	PU	NCMN	I_CLS	I_SENT	N	-	-
1442	กล่าว	VV	VACT	E_CLS	I_SENT	N	-	-

1443	ปิด	VV	VACT	B_CLS	B_SENT	N	-	-
1444	ถ้ำ	NN	NCMN	I_CLS	I_SENT	N	-	-
1445	-	PU	PUNC	I_CLS	I_SENT	N	-	-
1446	น้ำ	NN	NCMN	I_CLS	I_SENT	N	-	-
1447	ตก	VV	VACT	I_CLS	I_SENT	N	-	-
1448	ช่วง	NN	NCMN	I_CLS	I_SENT	N	-	-
1449	หน้า	NN	VATT	I_CLS	I_SENT	N	-	-
1450	ฝน	NN	NCMN	I_CLS	I_SENT	N	-	-
1451	ถาวร	VV	VATT	E_CLS	I_SENT	N	-	-

1452	นาย	NN	NTTL	B_CLS	B_SENT	N	-	-
1453	เฉลิมศักดิ์	NN	NPRP	I_CLS	I_SENT	N	-	-
1454	_	PU	NCMN	I_CLS	I_SENT	N	-	-
1455	วานิชสมบัติ	NN	NCMN	I_CLS	I_SENT	N	-	-
1456	_	PU	NCMN	I_CLS	I_SENT	N	-	-
1457	อธิบดี	NN	NCMN	I_CLS	I_SENT	N	-	-
1458	กรม	NN	NCMN	I_CLS	I_SENT	N	-	-
1459	อุทยาน	NN	NCMN	I_CLS	I_SENT	N	-	-
1460	แห่ง	PS	RPRE	I_CLS	I_SENT	N	-	-
1461	ชาติ	NN	NCMN	I_CLS	I_SENT	N	-	-
1462	สัตว์ป่า	NN	NCMN	I_CLS	I_SENT	N	-	-
1463	และ	CC	JCRG	I_CLS	I_SENT	N	-	-
1464	พันธุ์พืช	NN	NCMN	I_CLS	I_SENT	N	-	-
1465	_	PU	NCMN	I_CLS	I_SENT	N	-	-
1466	กระทรวง	NN	NCMN	I_CLS	I_SENT	N	-	-
1467	ทรัพยากร	NN	NCMN	I_CLS	I_SENT	N	-	-
1468	ธรรมชาติ	NN	NCMN	I_CLS	I_SENT	N	-	-
1469	และ	CC	JCRG	I_CLS	I_SENT	N	-	-
1470	สิ่งแวดล้อม	NN	NCMN	I_CLS	I_SENT	N	-	-
1471	_	PU	NCMN	I_CLS	I_SENT	N	-	-
1472	(	PU	PUNC	I_CLS	I_SENT	N	-	-
1473	ทส.	NN	NCMN	I_CLS	I_SENT	N	-	-
1474	)	PU	PUNC	I_CLS	I_SENT	N	-	-
1475	_	PU	NCMN	I_CLS	I_SENT	N	-	-
1476	กล่าว	VV	VACT	I_CLS	I_SENT	N	-	-
1477	ว่า	CC	JSBR	I_CLS	I_SENT	N	-	-
1478	_	PU	NCMN	I_CLS	I_SENT	N	-	-
1479	เหตุการณ์	NN	NCMN	I_CLS	I_SENT	N	-	arg1[1489]
1480	ที่	CC	PREL	I_CLS	I_SENT	N	-	arg1[1489]
1481	เกิด	VV	VSTA	I_CLS	I_SENT	N	-	arg1[1489]
1482	ขึ้น	AV	XVAE	E_CLS	I_SENT	N	-	arg1[1489]
1483	ทำให้	CC	VACT	B_CLS	I_SENT	N	-	arg1[1489]
1484	ไม่	NG	NEG	I_CLS	I_SENT	N	-	arg1[1489]
1485	สบายใจ	VV	FIXN	I_CLS	I_SENT	N	-	arg1[1489]
1486	อย่าง	FX	FIXV	I_CLS	I_SENT	N	-	arg1[1489]
1487	มาก	VV	VATT	I_CLS	I_SENT	N	-	arg1[1489]
1488	_	PU	NCMN	I_CLS	I_SENT	N	-	-
1489	เพราะ	CC	JSBR	I_CLS	I_SENT	Contingency.Cause.Reason	-	-
1490	ช่วง	NN	NCMN	I_CLS	I_SENT	N	-	arg2[1489]|arg1[1510]
1491	เดือน	NN	NCMN	I_CLS	I_SENT	N	-	arg2[1489]|arg1[1510]
1492	เมษายน	NN	NCMN	I_CLS	I_SENT	N	-	arg2[1489]|arg1[1510]
1493	ที่	CC	PREL	I_CLS	I_SENT	N	-	arg2[1489]|arg1[1510]
1494	ผ่าน	VV	VSTA	I_CLS	I_SENT	N	-	arg2[1489]|arg1[1510]
1495	มา	AV	XVAE	E_CLS	I_SENT	N	-	arg2[1489]|arg1[1510]
1496	_	PU	NCMN	O	I_SENT	N	-	arg2[1489]|arg1[1510]
1497	ก็	CC	JSBR	B_CLS	I_SENT	N	-	arg2[1489]|arg1[1510]
1498	เกิด	VV	VSTA	I_CLS	I_SENT	N	-	arg2[1489]|arg1[1510]
1499	เหตุการณ์	NN	NCMN	I_CLS	I_SENT	N	-	arg2[1489]|arg1[1510]
1500	น้ำ	NN	NCMN	I_CLS	I_SENT	N	-	arg2[1489]|arg1[1510]
1501	ป่า	NN	NCMN	I_CLS	I_SENT	N	-	arg2[1489]|arg1[1510]
1502	ไหลหลาก	VV	NCMN	I_CLS	I_SENT	N	-	arg2[1489]|arg1[1510]
1503	ที่	PS	PREL	I_CLS	I_SENT	N	-	arg2[1489]|arg1[1510]
1504	น้ำตก	NN	VACT	I_CLS	I_SENT	N	-	arg2[1489]|arg1[1510]
1505	สายรุ้ง	NN	NCMN	I_CLS	I_SENT	N	-	arg2[1489]|arg1[1510]
1506	_	PU	NCMN	I_CLS	I_SENT	N	-	arg2[1489]|arg1[1510]
1507	จ.	NN	NCMN	I_CLS	I_SENT	N	-	arg2[1489]|arg1[1510]
1508	ตรัง	NN	NCMN	E_CLS	I_SENT	N	-	arg2[1489]|arg1[1510]
1509	_	PU	NCMN	O	I_SENT	N	-	arg2[1489]
1510	และ	CC	JCRG	B_CLS	I_SENT	Expansion.Conjunction	-	arg2[1489]
1511	มี	VV	VSTA	I_CLS	I_SENT	N	-	arg2[1489]|arg2[1510]
1512	นัก	FX	NCMN	I_CLS	I_SENT	N	-	arg2[1489]|arg2[1510]
1513	ท่องเที่ยว	VV	VATT	I_CLS	I_SENT	N	-	arg2[1489]|arg2[1510]
1514	เสียชีวิต	VV	VSTA	I_CLS	I_SENT	N	-	arg2[1489]|arg2[1510]
1515	กว่า	AJ	JCMP	I_CLS	I_SENT	N	-	arg2[1489]|arg2[1510]
1516	_	PU	NCMN	I_CLS	I_SENT	N	-	arg2[1489]|arg2[1510]
1517	20	NU	DCNM	I_CLS	I_SENT	N	-	arg2[1489]|arg2[1510]
1518	_	PU	NCMN	I_CLS	I_SENT	N	-	arg2[1489]|arg2[1510]
1519	คน	CL	CNIT	E_CLS	I_SENT	N	-	arg2[1489]|arg2[1510]

1520	ขณะนี้	NN	ADVS	B_CLS	B_SENT	N	-	arg1[1542]|arg1[1572]
1521	กำลัง	AX	XVBM	I_CLS	I_SENT	N	-	arg1[1542]|arg1[1572]
1522	พิจารณา	VV	VACT	I_CLS	I_SENT	N	-	arg1[1542]|arg1[1572]
1523	ความ	FX	FIXN	I_CLS	I_SENT	N	-	arg1[1542]|arg1[1572]
1524	เป็น	VV	VSTA	I_CLS	I_SENT	N	-	arg1[1542]|arg1[1572]
1525	ไป	AV	XVAE	I_CLS	I_SENT	N	-	arg1[1542]|arg1[1572]
1526	ได้	AX	XVAE	I_CLS	I_SENT	N	-	arg1[1542]|arg1[1572]
1527	ใน	PS	RPRE	I_CLS	I_SENT	N	-	arg1[1542]|arg1[1572]
1528	การ	FX	FIXN	I_CLS	I_SENT	N	-	arg1[1542]|arg1[1572]
1529	ปิด	VV	VACT	I_CLS	I_SENT	N	-	arg1[1542]|arg1[1572]
1530	แหล่ง	NN	NCMN	I_CLS	I_SENT	N	-	arg1[1542]|arg1[1572]
1531	ท่องเที่ยว	VV	VACT	I_CLS	I_SENT	N	-	arg1[1542]|arg1[1572]
1532	ประเภท	NN	NCMN	I_CLS	I_SENT	N	-	arg1[1542]|arg1[1572]
1533	ถ้ำ	NN	NCMN	E_CLS	I_SENT	N	-	arg1[1542]|arg1[1572]
1534	และ	CC	JCRG	B_CLS	I_SENT	N	-	arg1[1542]|arg1[1572]
1535	น้ำ	NN	NCMN	I_CLS	I_SENT	N	-	arg1[1542]|arg1[1572]
1536	ตก	VV	VACT	I_CLS	I_SENT	N	-	arg1[1542]|arg1[1572]
1537	แบบ	NN	NCMN	I_CLS	I_SENT	N	-	arg1[1542]|arg1[1572]
1538	ถาวร	VV	VATT	I_CLS	I_SENT	N	-	arg1[1542]|arg1[1572]
1539	ใน	PS	RPRE	I_CLS	I_SENT	N	-	arg1[1542]|arg1[1572]
1540	ช่วง	NN	NCMN	I_CLS	I_SENT	N	-	arg1[1542]|arg1[1572]
1541	หน้า	NN	VATT	E_CLS	I_SENT	N	-	arg1[1542]|arg1[1572]
1542	ซึ่ง	CC	PREL	B_CLS	I_SENT	Expansion.GenExpansion	-	arg1[1572]
1543	อาจ	AX	XVMM	I_CLS	I_SENT	N	-	arg2[1542]|arg1[1572]
1544	มี	VV	VSTA	I_CLS	I_SENT	N	-	arg2[1542]|arg1[1572]
1545	ความ	FX	FIXN	I_CLS	I_SENT	N	-	arg2[1542]|arg1[1572]
1546	เสี่ยง	VV	VSTA	I_CLS	I_SENT	N	-	arg2[1542]|arg1[1572]
1547	กับ	PS	RPRE	I_CLS	I_SENT	N	-	arg2[1542]|arg1[1572]
1548	น้ำ	NN	NCMN	I_CLS	I_SENT	N	-	arg2[1542]|arg1[1572]
1549	ป่า	NN	NCMN	I_CLS	I_SENT	N	-	arg2[1542]|arg1[1572]
1550	ไหลหลาก	VV	NCMN	I_CLS	I_SENT	N	-	arg2[1542]|arg1[1572]
1551	_	PU	NCMN	I_CLS	I_SENT	N	-	arg2[1542]|arg1[1572]
1552	เหมือน	VV	VSTA	I_CLS	I_SENT	N	-	arg2[1542]|arg1[1572]
1553	กับ	PS	RPRE	I_CLS	I_SENT	N	-	arg2[1542]|arg1[1572]
1554	การ	FX	FIXN	I_CLS	I_SENT	N	-	arg2[1542]|arg1[1572]
1555	ปิด	VV	VACT	I_CLS	I_SENT	N	-	arg2[1542]|arg1[1572]
1556	แหล่ง	NN	NCMN	I_CLS	I_SENT	N	-	arg2[1542]|arg1[1572]
1557	ท่องเที่ยว	VV	VACT	I_CLS	I_SENT	N	-	arg2[1542]|arg1[1572]
1558	ทาง	NN	NCMN	I_CLS	I_SENT	N	-	arg2[1542]|arg1[1572]
1559	ทะเล	NN	NCMN	I_CLS	I_SENT	N	-	arg2[1542]|arg1[1572]
1560	ใน	PS	RPRE	I_CLS	I_SENT	N	-	arg2[1542]|arg1[1572]
1561	ช่วง	NN	NCMN	I_CLS	I_SENT	N	-	arg2[1542]|arg1[1572]
1562	ฤดู	NN	NCMN	I_CLS	I_SENT	N	-	arg2[1542]|arg1[1572]
1563	มรสุม	NN	NCMN	I_CLS	I_SENT	N	-	arg2[1542]|arg1[1572]
1564	ถาวร	VV	VATT	I_CLS	I_SENT	N	-	arg2[1542]|arg1[1572]
1565	_	PU	NCMN	I_CLS	I_SENT	N	-	arg2[1542]|arg1[1572]
1566	3-4	NU	DCNM	I_CLS	I_SENT	N	-	arg2[1542]|arg1[1572]
1567	_	PU	NCMN	I_CLS	I_SENT	N	-	arg2[1542]|arg1[1572]
1568	เดือน	CL	NCMN	I_CLS	I_SENT	N	-	arg2[1542]|arg1[1572]
1569	ไป	VV	XVAE	I_CLS	I_SENT	N	-	arg2[1542]|arg1[1572]
1570	เลย	AV	ADVN	E_CLS	I_SENT	N	-	arg2[1542]|arg1[1572]
1571	_	PU	NCMN	O	I_SENT	N	-	-
1572	แต่	CC	JCRG	B_CLS	I_SENT	Comparison.Concession.Arg2-As-Denier	1573	-
1573	ก็	CC	JSBR	I_CLS	I_SENT	Comparison.Concession.Arg2-As-Denier	-	arg2[1572]|arg1[1597]
1574	เป็นห่วง	VV	VACT	E_CLS	I_SENT	N	-	arg2[1572]|arg1[1597]
1575	ว่า	CC	JSBR	B_CLS	I_SENT	N	-	arg2[1572]|arg1[1597]
1576	ถ้า	CC	JSBR	I_CLS	I_SENT	Contingency.Condition.Arg2-As-Cond	1581	arg2[1572]|arg1[1597]
1577	ปิด	VV	VACT	I_CLS	I_SENT	N	-	arg2[1572]|arg1[1597]|arg2[1576]
1578	หมด	VV	DIBQ	I_CLS	I_SENT	N	-	arg2[1572]|arg1[1597]|arg2[1576]
1579	ทุก	AJ	DIBQ	I_CLS	I_SENT	N	-	arg2[1572]|arg1[1597]|arg2[1576]
1580	พื้นที่	CL	NCMN	I_CLS	I_SENT	N	-	arg2[1572]|arg1[1597]|arg2[1576]
1581	ก็	CC	JSBR	I_CLS	I_SENT	Contingency.Condition.Arg2-As-Cond	-	arg2[1572]|arg1[1597]|arg1[1576]
1582	จะ	AX	XVBM	I_CLS	I_SENT	N	-	arg2[1572]|arg1[1597]|arg1[1576]
1583	กระทบ	VV	VACT	I_CLS	I_SENT	N	-	arg2[1572]|arg1[1597]|arg1[1576]|arg1[1591]
1584	กับ	PS	RPRE	I_CLS	I_SENT	N	-	arg2[1572]|arg1[1597]|arg1[1576]|arg1[1591]
1585	การ	FX	FIXN	I_CLS	I_SENT	N	-	arg2[1572]|arg1[1597]|arg1[1576]|arg1[1591]
1586	ทำมาหากิน	VV	VACT	I_CLS	I_SENT	N	-	arg2[1572]|arg1[1597]|arg1[1576]|arg1[1591]
1587	ของ	PS	RPRE	I_CLS	I_SENT	N	-	arg2[1572]|arg1[1597]|arg1[1576]|arg1[1591]
1588	ร้าน	NN	NCMN	I_CLS	I_SENT	N	-	arg2[1572]|arg1[1597]|arg1[1576]|arg1[1591]
1589	ค้า	VV	NCMN	I_CLS	I_SENT	N	-	arg2[1572]|arg1[1597]|arg1[1576]|arg1[1591]
1590	_	PU	NCMN	I_CLS	I_SENT	N	-	arg2[1572]|arg1[1597]|arg1[1576]
1591	รวมทั้ง	VV	JCRG	B_CLS	I_SENT	Expansion.Conjunction	-	arg2[1572]|arg1[1597]|arg1[1576]
1592	กระทบ	VV	VACT	I_CLS	I_SENT	N	-	arg2[1572]|arg1[1597]|arg1[1576]|arg2[1591]
1593	ต่อ	PS	RPRE	I_CLS	I_SENT	N	-	arg2[1572]|arg1[1597]|arg1[1576]|arg2[1591]
1594	การ	FX	FIXN	I_CLS	I_SENT	N	-	arg2[1572]|arg1[1597]|arg1[1576]|arg2[1591]
1595	ท่องเที่ยว	VV	VACT	I_CLS	I_SENT	N	-	arg2[1572]|arg1[1597]|arg1[1576]|arg2[1591]
1596	ได้	AX	XVAE	E_CLS	I_SENT	N	-	arg2[1572]|arg1[1597]|arg1[1576]|arg2[1591]

1597	ทั้งนี้	CC	ADVS	B_CLS	B_SENT	Expansion.GenExpansion	-	-
1598	จะ	AX	XVBM	I_CLS	I_SENT	N	-	arg2[1597]|arg1[1603]|arg1[1617]
1599	นัด	VV	VACT	I_CLS	I_SENT	N	-	arg2[1597]|arg1[1603]|arg1[1617]
1600	ประชุม	VV	VACT	I_CLS	I_SENT	N	-	arg2[1597]|arg1[1603]|arg1[1617]
1601	ผู้	FX	PPRS	I_CLS	I_SENT	N	-	arg2[1597]|arg1[1603]|arg1[1617]
1602	เกี่ยวข้อง	VV	VSTA	E_CLS	I_SENT	N	-	arg2[1597]|arg1[1603]|arg1[1617]
1603	เพื่อ	CC	JSBR	B_CLS	I_SENT	Contingency.Purpose.Arg2-As-Goal	-	arg2[1597]|arg1[1617]
1604	ประเมิน	VV	VSTA	I_CLS	I_SENT	N	-	arg2[1597]|arg2[1603]|arg1[1617]
1605	สถานการณ์	NN	NCMN	I_CLS	I_SENT	N	-	arg2[1597]|arg2[1603]|arg1[1617]
1606	ใน	PS	RPRE	I_CLS	I_SENT	N	-	arg2[1597]|arg2[1603]|arg1[1617]
1607	พื้นที่	NN	NCMN	I_CLS	I_SENT	N	-	arg2[1597]|arg2[1603]|arg1[1617]
1608	เสี่ยง	VV	NCMN	E_CLS	I_SENT	N	-	arg2[1597]|arg2[1603]|arg1[1617]
1609	_	PU	NCMN	O	I_SENT	N	-	arg2[1597]|arg2[1603]|arg1[1617]
1610	เช่น	CC	RPRE	B_CLS	I_SENT	N	-	arg2[1597]|arg2[1603]|arg1[1617]
1611	_	PU	NCMN	O	I_SENT	N	-	arg2[1597]|arg2[1603]|arg1[1617]
1612	น้ำ	NN	NCMN	B_CLS	I_SENT	N	-	arg2[1597]|arg2[1603]|arg1[1617]
1613	ตก	VV	VACT	I_CLS	I_SENT	N	-	arg2[1597]|arg2[1603]|arg1[1617]
1614	และ	CC	JCRG	I_CLS	I_SENT	N	-	arg2[1597]|arg2[1603]|arg1[1617]
1615	ถ้ำ	NN	VACT	I_CLS	I_SENT	N	-	arg2[1597]|arg2[1603]|arg1[1617]
1616	_	PU	NCMN	I_CLS	I_SENT	N	-	arg2[1597]
1617	โดย	CC	JSBR	I_CLS	I_SENT	Expansion.GenExpansion	-	arg2[1597]
1618	อาจ	AX	XVBM	I_CLS	I_SENT	N	-	arg2[1597]|arg2[1617]|arg1[1631]
1619	จะ	AX	XVBM	I_CLS	I_SENT	N	-	arg2[1597]|arg2[1617]|arg1[1631]
1620	ให้	CC	VACT	I_CLS	I_SENT	N	-	arg2[1597]|arg2[1617]|arg1[1631]
1621	ปิด	VV	VACT	E_CLS	I_SENT	N	-	arg2[1597]|arg2[1617]|arg1[1631]|arg1[1622]
1622	และ	CC	JCRG	B_CLS	I_SENT	Expansion.Conjunction	-	arg2[1597]|arg2[1617]|arg1[1631]
1623	หยุด	VV	VACT	I_CLS	I_SENT	N	-	arg2[1597]|arg2[1617]|arg1[1631]|arg2[1622]
1624	ชั่วคราว	VV	ADVN	I_CLS	I_SENT	N	-	arg2[1597]|arg2[1617]|arg1[1631]|arg2[1622]
1625	ไป	AV	XVAE	I_CLS	I_SENT	N	-	arg2[1597]|arg2[1617]|arg1[1631]|arg2[1622]
1626	ก่อน	AV	RPRE	I_CLS	I_SENT	N	-	arg2[1597]|arg2[1617]|arg1[1631]|arg2[1622]
1627	ใน	PS	RPRE	I_CLS	I_SENT	N	-	arg2[1597]|arg2[1617]|arg1[1631]|arg2[1622]
1628	บาง	AJ	DIBQ	I_CLS	I_SENT	N	-	arg2[1597]|arg2[1617]|arg1[1631]|arg2[1622]
1629	แห่ง	CL	CNIT	E_CLS	I_SENT	N	-	arg2[1597]|arg2[1617]|arg1[1631]|arg2[1622]
1630	_	PU	NCMN	O	I_SENT	N	-	arg2[1597]|arg2[1617]
1631	รวมทั้ง	CC	JCRG	B_CLS	I_SENT	Expansion.Conjunction	-	arg2[1597]|arg2[1617]
1632	เตรียม	VV	VACT	I_CLS	I_SENT	N	-	arg2[1597]|arg2[1617]|arg2[1631]
1633	วาง	VV	VACT	I_CLS	I_SENT	N	-	arg2[1597]|arg2[1617]|arg2[1631]|arg1[1635]
1634	แนวทาง	NN	NCMN	E_CLS	I_SENT	N	-	arg2[1597]|arg2[1617]|arg2[1631]|arg1[1635]
1635	และ	CC	JCRG	B_CLS	I_SENT	Expansion.Conjunction	-	arg2[1597]|arg2[1617]|arg2[1631]
1636	วาง	VV	VACT	I_CLS	I_SENT	N	-	arg2[1597]|arg2[1617]|arg2[1631]|arg2[1635]
1637	ความ	FX	FIXN	I_CLS	I_SENT	N	-	arg2[1597]|arg2[1617]|arg2[1631]|arg2[1635]
1638	ปลอด	VV	VACT	I_CLS	I_SENT	N	-	arg2[1597]|arg2[1617]|arg2[1631]|arg2[1635]
1639	ภัย	NN	NCMN	I_CLS	I_SENT	N	-	arg2[1597]|arg2[1617]|arg2[1631]|arg2[1635]
1640	ของ	PS	RPRE	I_CLS	I_SENT	N	-	arg2[1597]|arg2[1617]|arg2[1631]|arg2[1635]
1641	นัก	FX	NCMN	I_CLS	I_SENT	N	-	arg2[1597]|arg2[1617]|arg2[1631]|arg2[1635]
1642	ท่องเที่ยว	VV	VATT	I_CLS	I_SENT	N	-	arg2[1597]|arg2[1617]|arg2[1631]|arg2[1635]
1643	ด้วย	AV	ADVN	E_CLS	I_SENT	N	-	arg2[1597]|arg2[1617]|arg2[1631]|arg2[1635]

